recipe,category
Mì Cay Chay,Món chay
Mì Cay Chay,Món chay
Mì Ý Xốt Cua,Bữa tối
Mì Ý Xốt Cua,Món Âu
Gyoza Mì Phô Mai,Bữa sáng
Cuộn Trứng Mayo,Bữa sáng
Cơm Nắm Rong Biển Mayo,Bữa sáng
Mực Nhúng Giấm,Bữa tối
Canh Cua Rau Đay,Bữa trưa
Canh Cua Rau Đay,Bữa tối
Salad Rong Biển Thanh Cua,Bữa tối
Sườn Nướng Mật Ong,Bữa trưa
Sườn Nướng Mật Ong,Bữa tối
Salad Trộn Xốt Phô Mai Cay,Bữa sáng
Salad Gà Nướng Thơm,Bữa tối
Miến Xào Nghêu,Bữa tối
Miến Xào Nghêu,Bữa trưa
Lươn Kho Sả Ớt,Bữa tối
Lươn Kho Sả Ớt,Bữa trưa
Gà Chiên Xúc Xích Ớt Xiêm,Bữa trưa
Gà Chiên Xúc Xích Ớt Xiêm,Bữa tối
Phở Chay,Bữa tối
Phở Chay,Món chay
Phở Chay,Món chay
Bánh Mì Xíu Mại,Bữa sáng
Canh Bóng Nấu Thả,Bữa sáng
Canh Bóng Nấu Thả,Bữa trưa
Canh Bóng Nấu Thả,Bữa tối
Gỏi Bắp Bò Hoa,Bữa sáng
Gỏi Bắp Bò Hoa,Bữa trưa
Gỏi Bắp Bò Hoa,Bữa tối
Mì Trộn Tôm Trứng Mayonnaise,Bữa trưa
Mì Trộn Tôm Trứng Mayonnaise,Bữa tối
Mì Trộn Tôm Trứng Mayonnaise,Bữa sáng
Há Cảo Tam Sắc,Bữa sáng
Há Cảo Tam Sắc,Bữa trưa
Há Cảo Tam Sắc,Bữa tối
Bánh Rán Sữa Chua Ngũ Cốc,Món Âu
Bánh Rán Phô Mai Trứng Muối,Bữa sáng
Miến Trộn Bò Bằm,Bữa sáng
Miến Trộn Bò Bằm,Bữa trưa
Miến Trộn Bò Bằm,Bữa tối
Cá Bông Lau Chua Ngọt,Bữa trưa
Cá Bông Lau Chua Ngọt,Bữa tối
Bún Giò Heo Cay,Bữa sáng
Bún Giò Heo Cay,Bữa trưa
Bún Giò Heo Cay,Bữa tối
Mì Vịt Tiềm Chay,Món chay
Cá Nục Kho Tóp Mỡ,Bữa trưa
Cá Nục Kho Tóp Mỡ,Bữa tối
Salad Bacon,Bữa trưa
Salad Bacon,Bữa tối
Salad Bacon,Món Âu
Cà Ri Lươn,Bữa trưa
Cà Ri Lươn,Bữa tối
Bánh Nướng Halloween,Món Âu
Bánh Canh Cua Phồng Tôm,Bữa sáng
Gyoza,Bữa sáng
Gyoza,Bữa tối
Đùi Ếch Chiên,Bữa tối
Bánh Crepe Áp Chảo,Món Âu
Cánh Gà Chiên Lá Quế,Bữa trưa
Bánh Bông Lan Bơ Hành,Bữa sáng
Bánh Bông Lan Bơ Hành,Món Âu
Súp Mộc Nhĩ Thịt Cua,Bữa tối
Súp Mộc Nhĩ Thịt Cua,Món Âu
Ức Gà Nhồi Phô Mai,Bữa tối
Ức Gà Nhồi Phô Mai,Món Âu
Vịt Kho Riềng Ớt Khô,Bữa trưa
Vịt Kho Riềng Ớt Khô,Bữa tối
Lẩu Kim Chi Phô Mai,Bữa tối
Cá Chép Chiên Giòn Cuốn Bánh Tráng,Bữa tối
Salad Cá Ngừ Rau Thơm,Bữa tối
Mì Ý Bò Băm,Bữa tối
Mì Ý Bò Băm,Món Âu
Củ Năng Om Nấm Chay,Món chay
Salad Bơ Bacon,Bữa tối
Salad Bơ Bacon,Món Âu
Bò Cuộn Xúc Xích Chiên Giòn,Bữa tối
Cơm Sen Gạo Lứt Chay,Bữa trưa
Cơm Sen Gạo Lứt Chay,Món chay
Chả Giò Rong Biển Chay,Món chay
Panna Cotta Kem Muối,Món Âu
Sườn Kho Khoai Tây,Bữa trưa
Tôm Sú Kho Lá Quế,Bữa trưa
Tôm Sú Kho Lá Quế,Bữa tối
Canh Tôm Bồ Ngót,Bữa trưa
Canh Tôm Bồ Ngót,Bữa tối
Tim Heo Nướng Ngũ Vị,Bữa trưa
Tim Heo Nướng Ngũ Vị,Món Âu
Súp Gà Mọc Nấm Hương,Bữa tối
Cháo Cá Nấu Bắp Nếp,Bữa tối
Viên Xúc Xích Trứng Cút Chiên,Món Âu
Lẩu Sườn Khoai Môn,Bữa tối
Cá Hồi Hạnh Nhân Xốt Chanh Dây,Bữa tối
Salad Rong Nho Xốt Mè Rang,Bữa trưa
Salad Rong Nho Xốt Mè Rang,Món Âu
Cá Nục Kho Mía,Bữa trưa
Phở Tái Lăn,Bữa sáng
Vịt Nấu Cơm Rượu,Bữa tối
Bánh Rán Burger Bò,Bữa sáng
Cá Basa Fillet Chiên Trứng,Bữa trưa
Mề Gà Xào Cay,Bữa trưa
Thịt Bò Chiên Trộn Cải Mầm,Bữa trưa
Gà Hấp Tứ Quý Chay,Món chay
Sườn Chay Om Nấm Đùi Gà,Bữa trưa
Lẩu Bò Thảo Mộc,Bữa trưa
Thịt Bê Xào Lăn,Bữa trưa
Cá Chép Kho Riềng,Bữa trưa
Cá Chép Kho Riềng,Bữa tối
Bún Thang,Bữa sáng
Bún Thang,Bữa trưa
Cơm Giòn Tôm Kho Quẹt,Bữa tối
Salad Bít Tết,Bữa tối
Salad Bít Tết,Món Âu
Cơm Gà Nướng Nước Tương,Bữa trưa
Gà Xào Tiêu Đen,Bữa trưa
Canh Cá Rau Cần,Bữa tối
Bún Riêu Cua Bắp Bò,Bữa sáng
Bò Cuộn Rong Biển,Bữa tối
Gỏi Gà Cần Tây,Bữa trưa
Canh Chua Cá Lóc Đậu Tương,Bữa trưa
Salad Trứng,Món Âu
Bò Áp Chảo,Bữa tối
Bò Áp Chảo,Món Âu
Cánh Gà Chiên Lá Chanh,Món Âu
Cuốn Chay Đậu Hũ Rau Rừng,Món chay
Canh Khoai Mì Nấu Tôm,Món Âu
Blendy Gạo Rang Kem Chuối,Món Âu
Canh Gà Tứ Quý,Món chay
Gà Hấp Hành Răm,Bữa tối
Gà Hấp Hành Răm,Bữa trưa
Bún Trộn Ngũ Sắc,Bữa tối
Ốc Xào Khế,Bữa tối
Cupcake Trứng Muối Chà Bông Phô Mai,Bữa sáng
Cupcake Trứng Muối Chà Bông Phô Mai,Món Âu
Bông Cải Xào Nước Tương,Bữa trưa
Bông Cải Xào Nước Tương,Món chay
Trà Sữa Blendy Trái Cây,Bữa trưa
Trà Sữa Blendy Trái Cây,Bữa tối
Gà Nướng Xiên,Bữa trưa
Đậu Trộn Dầu Giấm Xốt Mè Rang,Bữa trưa
Rau Củ Luộc Và Cơm Chiên Giòn Chấm Kho Quẹt,Bữa tối
Đậu Hũ Hấp Trứng,Bữa trưa
Salad Táo Với Hạt Óc Chó,Món Âu
Súp Gấc Nấm Mỡ,Món chay
Pizza Khoai Tây,Bữa tối
Pancake Chocolate Trái Cây Nhiệt Đới,Món Âu
Chả Bắp,Món Âu
Pancake Chocolate Mứt Cam,Món Âu
Salad Khoai Tây Trứng Cút,Món Âu
Hotdog Bắp Cải,Bữa sáng
Hotdog Bắp Cải,Món Âu
Gà Xốt Cam,Món Âu
Cải Ngồng Trộn Gà Xé,Bữa trưa
Cải Ngồng Trộn Gà Xé,Bữa tối
Ba Rọi Nướng Mè Rau Củ,Bữa tối
Ba Rọi Nướng Mè Rau Củ,Món Âu
Gỏi Gà Hoa Súng,Bữa trưa
Gỏi Gà Hoa Súng,Bữa tối
Miến Tôm Phỉ Thuý,Món Âu
Mì Nưa Xào Tôm Nấm,Món Âu
Tôm Xốt Sữa,Bữa sáng
Tôm Xốt Sữa,Món Âu
Miến Trộn Kiểu Thái,Bữa sáng
Súp Cua Vị Thái,Món Âu
Mực Chiên Giòn Sốt Tắc,Bữa tối
Mực Chiên Giòn Sốt Tắc,Bữa trưa
Bún Riêu Cua,Bữa sáng
Blendy Kem Nho,Món Âu
Pad Thái Chay,Bữa tối
Pad Thái Chay,Bữa trưa
Pad Thái Chay,Món chay
Pad Thái Chay,Món chay
Chả Lá Xương Sông,Món Âu
Cá Ngừ Cuộn Phô Mai,Món Âu
Salad Mực Măng Tây,Món Âu
Ngưu Bàng Chiên Tôm,Món Âu
Viên Thanh Cua Phô Mai,Món Âu
Matcha Cà Phê,Món Âu
Tôm Né Bơ Tỏi,Món Âu
Chôm Chôm Nhồi Tôm Chiên,Món Âu
Súp Nấm Ngưu Bàng,Món chay
Nấm Nướng Giấy Bạc,Món chay
Pancake Xốt Đậu Gà,Bữa sáng
Pancake Xốt Đậu Gà,Món Âu
Cuốn Rong Biển Chay Chấm Xốt Đậu Phộng,Món chay
Bò Áp Chảo Sốt Tiêu,Bữa sáng
Bánh Crepe Nhân Mặn,Bữa sáng
Bánh Crepe Nhân Mặn,Món Âu
Bê Cuộn Khìa Nước Dừa Tươi,Món Âu
Bánh Rán Kẹp Cá Ngừ Mayonnaise,Bữa sáng
Bánh Rán Kẹp Cá Ngừ Mayonnaise,Món Âu
Bánh Rán Hương Mùa Hè,Món Âu
Bánh Mì Hạnh Nhân,Bữa sáng
Bánh Mì Hạnh Nhân,Món Âu
Canh Tôm Chua Cay,Bữa tối
Canh Tôm Chua Cay,Bữa trưa
Salad Gà Nướng,Món Âu
Khoai Tây Nướng Phô Mai,Món Âu
Cá Hồi Ngâm Rau Củ Chua Ngọt,Món Âu
Sườn Non Kho Dưa Cải,Bữa trưa
Sườn Non Kho Dưa Cải,Bữa tối
Dồi Trường Xào Bông Hẹ,Bữa trưa
Dồi Trường Xào Bông Hẹ,Bữa tối
Sụn Gà Rang Lá Cà Ri Cay,Bữa tối
Salad Cam Đậu Đỏ,Bữa tối
Salad Cam Đậu Đỏ,Bữa trưa
Salad Cam Đậu Đỏ,Món Âu
Vịt Nấu Ragu,Món Âu
Snack Phồng Tôm Rau Củ,Món Âu
Bạch Tuộc Lắc Cóc Non Sa Tế Cay,Món Âu
Đông Cô Bách Hoa Chay,Bữa tối
Đông Cô Bách Hoa Chay,Bữa trưa
Đông Cô Bách Hoa Chay,Món chay
Đông Cô Bách Hoa Chay,Món chay
Cá Hồi Xông Khói Cuộn Cơm,Món Âu
Lẩu Hoa Cá Kèo,Bữa tối
Lẩu Hoa Cá Kèo,Bữa trưa
Đùi Gà Barbecue,Bữa tối
Đùi Gà Barbecue,Bữa trưa
Mít Non Om Sườn Chay Củ Sen,Món chay
Bánh Rán Chocolate Mứt Tầm Bóp,Món Âu
Sandwich Nóng Phô Mai Thịt Nguội,Bữa trưa
Sandwich Nóng Phô Mai Thịt Nguội,Bữa sáng
Thịt Bò Xào Bông So Đũa,Bữa trưa
Thịt Bò Xào Bông So Đũa,Bữa tối
Cua Rang Sốt Tắc,Bữa tối
Cua Rang Sốt Tắc,Bữa trưa
Pancake Trứng Khuấy,Bữa sáng
Pancake Trứng Khuấy,Món Âu
Cánh Gà Nướng Cay,Bữa tối
Cánh Gà Nướng Cay,Bữa trưa
Lẩu Vịt Tía Tô,Bữa tối
Lẩu Vịt Tía Tô,Bữa trưa
Salad Bò Rau Má,Món Âu
Bao Tử Khìa Nước Dừa,Bữa trưa
Bao Tử Khìa Nước Dừa,Bữa tối
Sandwich Trứng Cút Mayonnaise,Bữa sáng
Sandwich Trứng Cút Mayonnaise,Món Âu
Mì Căn Xốt Nấm,Bữa trưa
Mì Căn Xốt Nấm,Bữa tối
Mì Căn Xốt Nấm,Món chay
Tôm Chua Trộn Cóc Xanh Mayo,Món Âu
Cà Tím Nhồi Thịt Áp Chảo,Bữa tối
Gỏi Xoài Cá Trê,Bữa trưa
Gỏi Xoài Cá Trê,Bữa tối
Hàu Chén Nướng Sốt Tiêu Xanh,Món Âu
Gà Xào Măng Tây,Món Âu
Matcha Flan,Món Âu
Pancake Sắc Màu,Bữa sáng
Pancake Sắc Màu,Món Âu
Canh Cua Khổ Qua,Bữa trưa
Canh Cua Khổ Qua,Bữa tối
Bắp Bò Nhúng Mẻ,Món Âu
Tôm Nướng Hoàng Kim,Món Âu
Bún Bò Bắp Cải Chua,Bữa sáng
Bún Bò Bắp Cải Chua,Món Âu
Salad Cam Tình Yêu,Món Âu
Nem Vuông Chay,Món chay
Cơm Chiên Dưa Bò,Bữa sáng
Cá Sòng Nướng Muối Hạt,Món Âu
Mì Ý Xốt Cua,Món Âu
Bánh Cupcake Trứng Muối Chà Bông Phô Mai,Món Âu
Bánh Gà Nhân Phô Mai,Món Âu
Bạch Tuộc Sốt Cajun,Món Âu
Pancake Hoa Cúc,Bữa sáng
Pancake Hoa Cúc,Món Âu
Mì Spaghetti Xào Tôm Nấm,Bữa trưa
Canh Bí Đỏ Đậu Phộng,Bữa trưa
Canh Bí Đỏ Đậu Phộng,Bữa tối
Thịt Nướng Ớt Chuông,Món Âu
Trứng Hấp Hàu Rong Biển,Món Âu
Xào Lăn Chay Thảo Mộc,Món chay
Bắp Bò Xào Đậu Rồng,Món Âu
Salad Ổi,Bữa trưa
Salad Ổi,Bữa tối
Salad Ổi,Món Âu
Bánh Muffin Chuối Socola,Món Âu
Mực Xào Xốt Tiêu Xanh,Món Âu
Khổ Qua Nhồi Nấm Kho Nước Tương,Bữa trưa
Khổ Qua Nhồi Nấm Kho Nước Tương,Bữa tối
Matcha Sữa Cacao,Món Âu
Trà Sữa Kem Matcha,Món Âu
Lẩu Cua Đồng,Bữa tối
Lẩu Cua Đồng,Món Âu
Lẩu Chao Mực,Món Âu
Cá Lóc Nướng Ớt Xiêm Xanh,Bữa tối
Bún Mắm,Bữa sáng
Bánh Rán Xúc Xích Bắp Vàng,Món Âu
Bánh Khọt Lá Cẩm Nhân Nấm Hạt Sen,Món chay
Cá Nục Kho Thơm,Bữa trưa
Cá Nục Kho Thơm,Bữa tối
Mực Ống Hấp Củ Đậu,Bữa tối
Mực Ống Hấp Củ Đậu,Bữa trưa
Mực Ống Hấp Củ Đậu,Món Âu
Kem Vị Trà Matcha Blendy,Món Âu
Salad Cá Hồi Xốt Thanh Long,Món Âu
Mít Non Kho Nấm,Món chay
Cốt Lết Chiên Sốt Húng Chanh,Món Âu
Bánh Rán Trái Cây,Bữa sáng
Bánh Rán Trái Cây,Món Âu
Pancake Jambon Trứng Cút,Bữa sáng
Pancake Jambon Trứng Cút,Món Âu
Xôi Xá Xíu,Bữa sáng
Bò Nướng Lá Cách,Bữa tối
Bò Nướng Lá Cách,Món Âu
Sake Chiên Giòn 2 Vị,Bữa sáng
Sake Chiên Giòn 2 Vị,Bữa tối
Sake Chiên Giòn 2 Vị,Bữa trưa
Ếch Om Tỏi,Món Âu
Mì Trộn Xốt Mayonnaise,Bữa sáng
Mì Trộn Xốt Mayonnaise,Món Âu
Phở Trộn,Bữa sáng
Bánh Canh Chay,Món chay
Lẩu Vịt Hầm Sả,Bữa tối
Lẩu Vịt Hầm Sả,Bữa trưa
Salad Cua Táo Xanh,Món Âu
Sườn Chiên Xốt Mận,Món Âu
Cà Ri Gà,Bữa tối
Cà Ri Gà,Bữa trưa
Cà Ri Gà,Món Âu
Bắp Cải Tím Trộn Tôm,Bữa trưa
Bắp Cải Tím Trộn Tôm,Bữa tối
Bắp Cải Tím Trộn Tôm,Món Âu
Canh Khổ Qua Hầm Thịt,Bữa tối
Canh Khổ Qua Hầm Thịt,Bữa trưa
Tôm Chiên Giòn Xốt Trứng Muối,Món Âu
Sườn Nướng Tiêu,Món Âu
Sandwich Trái Cây Chiên Giòn,Món Âu
Salad Rong Nho,Bữa trưa
Salad Rong Nho,Bữa tối
Salad Rong Nho,Món Âu
Salad Rong Nho,Món chay
Cá Chiên Xốt Cam,Bữa tối
Cá Chiên Xốt Cam,Món Âu
Cua Lột Chiên Giòn,Bữa tối
Cua Lột Chiên Giòn,Món Âu
Khai Vị Cá Hồi,Món Âu
Lẩu Nấm Chay,Món Âu
Lẩu Nấm Chay,Món chay
Lẩu Nấm Chay,Món chay
Cá Hồi Cuộn Bơ Chiên Giòn,Món Âu
Pancake Xoài Kem Tươi,Món Âu
Bún Sườn Non Nấu Chuối Đậu,Bữa sáng
Chả Chay Cuốn Rong Biển,Món chay
Cua Xào Xốt Tương,Bữa trưa
Cua Xào Xốt Tương,Bữa tối
Cua Xào Xốt Tương,Món Âu
Brulee Trà Sữa,Bữa sáng
Brulee Trà Sữa,Bữa tối
Brulee Trà Sữa,Bữa trưa
Brulee Trà Sữa,Món Âu
Canh Hàu Sữa Măng Chua,Bữa trưa
Canh Hàu Sữa Măng Chua,Bữa tối
Trứng Cút Xào Chua Ngọt,Bữa trưa
Trứng Cút Xào Chua Ngọt,Bữa tối
Trứng Cút Xào Chua Ngọt,Món Âu
Lẩu Gà Chua Cay,Bữa tối
Lẩu Gà Chua Cay,Bữa trưa
Lẩu Gà Chua Cay,Món Âu
Salad Tôm Thanh Mát,Món Âu
Bò Bít Tết,Bữa sáng
Bò Bít Tết,Bữa trưa
Bò Bít Tết,Bữa tối
Bò Bít Tết,Món Âu
Bánh Rán Bơ Dừa,Bữa sáng
Bánh Rán Bơ Dừa,Món Âu
Sườn Nấu Đậu Ngự,Bữa sáng
Đùi Gà Áp Chảo Xốt Thơm,Bữa tối
Đùi Gà Áp Chảo Xốt Thơm,Bữa trưa
Hoành Thánh Chay,Món chay
Canh Chua Tôm Nước Trong,Bữa trưa
Canh Chua Tôm Nước Trong,Bữa tối
Cuộn Rong Biển Chiên Giòn,Món Âu
Canh Sườn Bò Củ Sen,Bữa trưa
Canh Sườn Bò Củ Sen,Bữa tối
Canh Giò Heo Rau Củ,Bữa trưa
Canh Giò Heo Rau Củ,Bữa tối
Bò Kho Chay,Món chay
Ragu Chân Nấm,Món chay
Mì Ý Xốt Nấm,Món Âu
Bacon Cuộn Hành Tây Phô Mai,Món Âu
Bánh Mì – Lưỡi Heo Khìa,Bữa sáng
Canh Nấm Hạt Sen,Bữa trưa
Canh Nấm Hạt Sen,Bữa tối
Canh Nấm Hạt Sen,Món chay
Gỏi Hoa Chuối Thịt Gà Chay,Món chay
Cá Sapa Nhồi Ngọc Kê Nướng,Bữa tối
Xôi Gà Đậu Xanh,Bữa sáng
Xôi Gà Đậu Xanh,Bữa tối
Xôi Gà Đậu Xanh,Bữa trưa
Đậu Bắp Nhồi Chả Cá Chiên,Bữa trưa
Đậu Bắp Nhồi Chả Cá Chiên,Bữa tối
Cánh Gà Xốt Mù Tạt,Bữa trưa
Cánh Gà Xốt Mù Tạt,Bữa tối
Cánh Gà Xốt Mù Tạt,Món Âu
Gan Bò Áp Chảo,Bữa trưa
Gan Bò Áp Chảo,Bữa tối
Gan Bò Áp Chảo,Món Âu
Khoai Tây Viên Chiên Xù,Món Âu
Cơm Gạo Lức Trộn Rau Củ,Món chay
Cá Bớp Kho Thịt Ba Rọi,Bữa tối
Trứng Cuộn Kiểu Nhật,Bữa trưa
Trứng Cuộn Kiểu Nhật,Bữa tối
Mực Xào Sả Ớt,Bữa trưa
Mực Xào Sả Ớt,Bữa tối
Canh Chua Sườn,Bữa tối
Canh Chua Sườn,Bữa trưa
Cốt Lết Chiên Sả Ớt,Bữa tối
Cốt Lết Chiên Sả Ớt,Bữa trưa
Bánh Gạo Xào Cay,Bữa tối
Bánh Gạo Xào Cay,Bữa trưa
Cá Nục Xốt Thơm,Bữa trưa
Cá Nục Xốt Thơm,Bữa tối
Đậu Hủ Non Xốt Cay,Bữa tối
Đậu Hủ Non Xốt Cay,Món chay
Bánh Mì Nướng Tỏi,Bữa sáng
Bánh Mì Nướng Tỏi,Món Âu
Bánh Mì Nướng Tỏi,Món chay
Cơm Chiên Dương Châu,Bữa sáng
Cơm Chiên Dương Châu,Bữa tối
Cơm Chiên Dương Châu,Bữa trưa
Bánh Rán Nhân Khoai Lang,Bữa sáng
Chả Lụa Chay Kho Thơm,Bữa trưa
Chả Lụa Chay Kho Thơm,Bữa tối
Chả Lụa Chay Kho Thơm,Món chay
Lẩu Xí Quách Kim Chi,Bữa tối
Cánh Gà Chiên Nước Mắm,Bữa tối
Cánh Gà Chiên Nước Mắm,Bữa trưa
Sườn Non Kho Củ Sen,Bữa trưa
Sườn Non Kho Củ Sen,Bữa tối
Bún Gạo Xào Lòng Nghệ,Bữa sáng
Bún Gạo Xào Lòng Nghệ,Bữa trưa
Bún Gạo Xào Lòng Nghệ,Bữa tối
Măng Trộn Tôm Thịt,Bữa tối
Măng Trộn Tôm Thịt,Bữa trưa
Cá Cuộn Tôm Trứng Cút,Bữa tối
Cá Cuộn Tôm Trứng Cút,Bữa trưa
Canh Gân Bò Chua Cay,Bữa tối
Canh Gân Bò Chua Cay,Bữa trưa
Đậu Chiên Thả Nước Tương,Bữa trưa
Canh Chả Tôm Chùm Ngây,Bữa trưa
Bánh Rán Trứng Phô Mai,Bữa sáng
Rau Củ Xào Đậu Hũ Xốt Mè,Bữa tối
Rau Củ Xào Đậu Hũ Xốt Mè,Bữa trưa
Rau Củ Xào Đậu Hũ Xốt Mè,Món chay
Salad Mùa Hè,Bữa trưa
Salad Mùa Hè,Món Âu
Lẩu Bò Chua Cay,Bữa sáng
Lẩu Bò Chua Cay,Bữa trưa
Lẩu Bò Chua Cay,Bữa tối
Cá Trứng Chấm Tương Me,Bữa tối
Cá Trứng Chấm Tương Me,Bữa trưa
Mì Căn Kho Nấm – Cháo Lá Dứa,Bữa tối
Mì Căn Kho Nấm – Cháo Lá Dứa,Bữa trưa
Mì Căn Kho Nấm – Cháo Lá Dứa,Món chay
Mướp Xào Đậu Phộng,Món chay
Bánh Mì Kẹp Cá Chiên Xù,Bữa sáng
Cá Hồi Nướng Tắc Mật Ong,Món Âu
Dồi Ốc Lá Chúc,Bữa tối
Dồi Ốc Lá Chúc,Bữa trưa
Măng Tây Xào Tôm Mực,Bữa tối
Măng Tây Xào Tôm Mực,Bữa trưa
Măng Tây Xào Tôm Mực,Món Âu
Lươn Kho Cà Tím,Bữa tối
Lươn Kho Cà Tím,Bữa trưa
Salad Bắp Tôm,Món Âu
Sandwich Nướng Trứng Xốt Mayonnaise,Bữa sáng
Súp Thanh Cua Hạt Chia,Bữa sáng
Bánh Trứng Phô Mai Rau Củ,Bữa sáng
Salad Cầu Vồng Ngày Hè,Món Âu
Nui Xào Chay Thập Cẩm,Bữa trưa
Nui Xào Chay Thập Cẩm,Món chay
Pancake Sushi,Bữa sáng
Cơm Chiên Thập Cẩm,Món chay
Pancake Tôm Phô Mai,Bữa sáng
Bún Bò Gân,Bữa sáng
Rau Củ Xào Xốt Chay,Món chay
Cháo Hạt Sen Nấu Bò Viên,Bữa sáng
Thịt Bò Nướng Mè Kiểu Hàn Quốc,Bữa tối
Cuốn Chả Chay,Món chay
Salad Bí Đỏ,Món Âu
Bánh Rán Thịt Nguội Pate,Bữa sáng
Salad Cam Cá Hồi,Món Âu
Pancake Bò Bằm,Bữa sáng
Pancake Bò Bằm,Món Âu
Bí Đỏ Hấp Hạt Sen,Món chay
Gỏi Cuốn Chay Xốt Đậu Phộng,Món chay
Gỏi Cuốn Chay Xốt Đậu Phộng,Món chay
Cá Trê Kho Gừng Nghệ,Bữa tối
Cá Trê Kho Gừng Nghệ,Bữa trưa
Bắp Cải Cuộn Kho Chay,Món chay
Bánh Mì Thịt Nướng Sả Mayo,Bữa sáng
Pancake Socola Giáng Sinh,Món Âu
Sandwich Kẹp Chả Tôm,Bữa sáng
Sandwich Kẹp Chả Tôm,Món Âu
Burger Cá Hồi,Bữa sáng
Burger Cá Hồi,Món Âu
Mì EFU Xào Nấm Trà,Món chay
Mì EFU Xào Nấm Trà,Món chay
Bầu Xào Nghêu,Bữa trưa
Bầu Xào Nghêu,Bữa tối
Gỏi Bốn Mùa,Bữa tối
Bánh Cá Khoai Tây,Món Âu
Bún Xào Cải Chua,Món chay
Ruốc Chiên Lá Quế,Bữa trưa
Ruốc Chiên Lá Quế,Bữa tối
Bánh Rán Cam Mật Ong,Bữa tối
Canh Mọc Bí Ngòi,Bữa tối
Canh Mọc Bí Ngòi,Bữa trưa
Nấm Kho Tộ,Món chay
Mì EFU Xào Xá Xíu,Bữa sáng
Salad Rong Nho Xốt Cam,Bữa trưa
Trà Sữa Hoa Đậu Biếc,Bữa tối
Trà Sữa Hoa Đậu Biếc,Bữa trưa
Thăn Heo Chiên Giòn Rau Quế,Bữa sáng
Bún Gạo Xào Mayo,Bữa sáng
Cơm Chanh Ấn Độ,Bữa sáng
Bánh Mì Que Xốt Thịt Cay Mayo,Bữa sáng
Đậu Hũ Um Nước Cốt Dừa,Món chay
Đậu Hũ Um Nước Cốt Dừa,Món chay
Cải Ngồng Xào Nấm,Món chay
Sò Lông Nướng Bơ Tỏi,Bữa tối
Gà Kho Nấm,Bữa trưa
Gà Kho Nấm,Bữa tối
Canh Cá Đồng Nấu Khế,Bữa trưa
Canh Cá Đồng Nấu Khế,Bữa tối
Cá Hồi Áp Chảo Xốt Tiêu,Bữa tối
Càng Cua Chiên Mè Xốt Mayo,Bữa tối
Cháo Đậu Chà Bông Cá Hồi,Bữa tối
Cháo Đậu Chà Bông Cá Hồi,Bữa trưa
Lẩu Nấm Tiềm Củ Quả,Bữa tối
Lẩu Nấm Tiềm Củ Quả,Món chay
Lẩu Nấm Tiềm Củ Quả,Món chay
Canh Sườn Nha Đam,Bữa tối
Canh Sườn Nha Đam,Bữa trưa
Hàu Trộn Mầm Cải,Bữa tối
Hàu Trộn Mầm Cải,Bữa trưa
Salad Tôm Đậu Hũ,Bữa tối
Salad Tôm Đậu Hũ,Bữa trưa
Canh Nghêu Kim Chi Tía Tô,Bữa tối
Canh Nghêu Kim Chi Tía Tô,Bữa trưa
Canh Nấm Gà Lá Giang,Bữa trưa
Canh Nấm Gà Lá Giang,Bữa tối
Gà Nướng Lửa Trại,Bữa tối
Súp Bát Trân Chay,Bữa tối
Súp Bát Trân Chay,Bữa trưa
Súp Bát Trân Chay,Món chay
Súp Bát Trân Chay,Món chay
Salad Thanh Long Chanh Dây,Bữa tối
Salad Thanh Long Chanh Dây,Bữa trưa
Bánh Canh Vịt,Bữa tối
Chả Bò Chiên,Bữa tối
Cá Ngừ Đại Dương Lúc Lắc,Bữa sáng
Cá Ngừ Đại Dương Lúc Lắc,Bữa tối
Cá Ngừ Đại Dương Lúc Lắc,Bữa trưa
Canh Hến Kim Chi,Bữa tối
Canh Hến Kim Chi,Bữa trưa
Cá Hồi Chiên Xốt Xoài,Bữa tối
Cá Hồi Chiên Xốt Xoài,Món Âu
Salad Hoa Lý Tôm Xá Xíu,Bữa tối
Salad Hoa Lý Tôm Xá Xíu,Bữa trưa
Salad Hoa Lý Tôm Xá Xíu,Món Âu
Canh Cá Chim Dưa Muối,Bữa tối
Canh Cá Chim Dưa Muối,Bữa trưa
Chả Thịt Heo Trứng Muối,Bữa tối
Chả Thịt Heo Trứng Muối,Bữa trưa
Chả Tôm Xiên Que Nướng Mè,Bữa tối
Chả Tôm Xiên Que Nướng Mè,Bữa trưa
Cá Hấp Ngưu Bàng,Bữa tối
Cá Hấp Ngưu Bàng,Bữa trưa
Chả Giò Hàu,Bữa tối
Chả Giò Hàu,Bữa trưa
Đậu Hũ Áp Chảo Xốt Sambal,Bữa tối
Đậu Hũ Áp Chảo Xốt Sambal,Bữa trưa
Đậu Hũ Áp Chảo Xốt Sambal,Món chay
Mực Que Chiên Giòn Xốt Cam,Bữa tối
Mực Que Chiên Giòn Xốt Cam,Bữa trưa
Cải Thảo Cuộn Tôm Cá,Bữa tối
Cải Thảo Cuộn Tôm Cá,Bữa trưa
Sườn Non Kho Chao,Bữa tối
Sườn Non Kho Chao,Bữa trưa
Canh Gà Bí Xanh,Bữa tối
Canh Gà Bí Xanh,Bữa trưa
Cà Tím Nướng Tôm Cháy Mỡ Hẹ,Bữa tối
Cà Tím Nướng Tôm Cháy Mỡ Hẹ,Bữa trưa
Canh Gà Quay Tam Sắc,Bữa tối
Canh Gà Quay Tam Sắc,Bữa trưa
Cá Kho Quẹt,Bữa tối
Cá Kho Quẹt,Bữa trưa
Chả Tôm Chiên Mặt Nguyệt,Bữa tối
Chả Tôm Chiên Mặt Nguyệt,Bữa trưa
Salad Mực Ống,Bữa tối
Salad Mực Ống,Bữa trưa
Ớt Chuông Hải Sản Phô Mai,Bữa tối
Ớt Chuông Hải Sản Phô Mai,Bữa trưa
Cá Dứa Một Nắng Chua Ngọt,Bữa tối
Cá Dứa Một Nắng Chua Ngọt,Bữa trưa
Đậu Hũ Cuộn Chiên Giòn,Bữa tối
Đậu Hũ Cuộn Chiên Giòn,Bữa trưa
Phở Sắn Xào Thập Cẩm,Bữa tối
Phở Sắn Xào Thập Cẩm,Bữa trưa
Phở Sắn Xào Thập Cẩm,Món chay
Phở Sắn Xào Thập Cẩm,Món chay
Ếch Khói Lửa,Bữa tối
Ếch Khói Lửa,Bữa trưa
Bắp Bò Xốt Pate Chấm Muối Tắc,Bữa tối
Bắp Bò Xốt Pate Chấm Muối Tắc,Bữa trưa
Salad Bò Dưa Kiệu,Bữa tối
Salad Bò Dưa Kiệu,Bữa trưa
Canh Chân Nấm Táo Đỏ,Bữa tối
Canh Chân Nấm Táo Đỏ,Bữa trưa
Canh Chân Nấm Táo Đỏ,Món chay
Canh Chân Nấm Táo Đỏ,Món chay
Cánh Gà Xào Ớt Xiêm,Bữa tối
Cánh Gà Xào Ớt Xiêm,Bữa trưa
Cá Chép Nấu Riềng Mẻ,Bữa tối
Cá Chép Nấu Riềng Mẻ,Bữa trưa
Cơm Gạo Lứt Hạt Sen,Bữa tối
Cơm Gạo Lứt Hạt Sen,Bữa trưa
Cơm Gạo Lứt Hạt Sen,Món chay
Cơm Gạo Lứt Hạt Sen,Món chay
Chả Cá Thác Lác Bọc Củ Quả Chiên,Bữa tối
Chả Cá Thác Lác Bọc Củ Quả Chiên,Bữa trưa
Đậu Bắp Nhồi Chiên Giòn,Bữa tối
Đậu Bắp Nhồi Chiên Giòn,Bữa trưa
Đậu Bắp Nhồi Chiên Giòn,Món chay
Gà Cuộn Xúc Xích Khô,Bữa trưa
Gà Cuộn Xúc Xích Khô,Bữa tối
Canh Bạch Quả Bí Đỏ,Bữa tối
Canh Bạch Quả Bí Đỏ,Bữa trưa
Canh Bạch Quả Bí Đỏ,Món chay
Củ Hũ Dừa Xào Ba Chỉ,Bữa tối
Củ Hũ Dừa Xào Ba Chỉ,Bữa trưa
Đậu Hũ Xào Lăn,Bữa tối
Đậu Hũ Xào Lăn,Bữa trưa
Đậu Hũ Xào Lăn,Món chay
Đậu Hũ Xào Lăn,Món chay
Cá Cuộn Jambon Chiên,Bữa tối
Cá Cuộn Jambon Chiên,Bữa trưa
Gà Ta Kho Riềng Sả,Bữa tối
Gà Ta Kho Riềng Sả,Bữa trưa
Súp Nấm Hải Sản Chua Cay,Bữa tối
Súp Nấm Hải Sản Chua Cay,Bữa trưa
Cá Hường Chiên Sả Nghệ,Bữa tối
Cá Hường Chiên Sả Nghệ,Bữa trưa
Canh Bóng Cuộn Bí Ngòi,Bữa tối
Canh Bóng Cuộn Bí Ngòi,Bữa trưa
Salad Cải Mầm Tôm Chiên,Bữa tối
Salad Cải Mầm Tôm Chiên,Bữa trưa
Đậu Hũ Hấp Nấm Nhật,Bữa tối
Đậu Hũ Hấp Nấm Nhật,Bữa trưa
Đậu Hũ Hấp Nấm Nhật,Món chay
Cơm Gạo Lứt Trộn,Bữa tối
Cơm Gạo Lứt Trộn,Bữa sáng
Cơm Gạo Lứt Trộn,Bữa trưa
Cơm Gạo Lứt Trộn,Món chay
Cơm Gạo Lứt Trộn,Món chay
Lẩu Ếch Lá Lốt,Bữa tối
Lẩu Ếch Lá Lốt,Bữa trưa
Ba Chỉ Xiên Que Chiên Giòn,Bữa tối
Ba Chỉ Xiên Que Chiên Giòn,Bữa trưa
Canh Cua Chả Cá,Bữa tối
Canh Cua Chả Cá,Bữa trưa
Gà Nướng Cỏ Xạ Hương,Bữa tối
Gà Nướng Cỏ Xạ Hương,Bữa trưa
Salad Sò Điệp Chiên Giòn,Bữa tối
Salad Sò Điệp Chiên Giòn,Bữa trưa
Vịt Nướng Nồi Đất,Bữa tối
Vịt Nướng Nồi Đất,Bữa trưa
Cá Cam Phủ Tuyết,Bữa tối
Cá Cam Phủ Tuyết,Bữa trưa
Tôm Chiên Xiên Sả Trái Tim,Bữa tối
Tôm Chiên Xiên Sả Trái Tim,Bữa trưa
Gan Chiên Cháy Tỏi,Bữa tối
Gan Chiên Cháy Tỏi,Bữa trưa
Salad Đậu Hũ Chiên,Bữa tối
Salad Đậu Hũ Chiên,Bữa trưa
Lẩu Tả Pí Lù,Bữa tối
Lẩu Tả Pí Lù,Bữa trưa
Lẩu Sữa Đậu Nành Hải Sản,Bữa tối
Lẩu Sữa Đậu Nành Hải Sản,Bữa trưa
Gà Hấp Riềng Sả,Bữa tối
Gà Hấp Riềng Sả,Bữa trưa
Mì Căn Xào Bắp Non,Bữa tối
Mì Căn Xào Bắp Non,Bữa trưa
Gỏi Gà Nướng Trái Dừa,Bữa tối
Gỏi Gà Nướng Trái Dừa,Bữa trưa
Đậu Hũ Thịt Cua Viên Chiên,Bữa tối
Đậu Hũ Thịt Cua Viên Chiên,Bữa trưa
Lẩu Cá Hồi Chanh Dây,Bữa tối
Lẩu Cá Hồi Chanh Dây,Bữa trưa
Bò Áp Chảo Bản Gang,Bữa tối
Bò Áp Chảo Bản Gang,Bữa trưa
Cánh Gà Kho Bắp Non,Bữa tối
Cánh Gà Kho Bắp Non,Bữa trưa
Cơm Gạo Lứt Bí Đỏ Hấp,Bữa tối
Cơm Gạo Lứt Bí Đỏ Hấp,Bữa trưa
Cơm Gạo Lứt Bí Đỏ Hấp,Món chay
Cơm Gạo Lứt Bí Đỏ Hấp,Món chay
Nấm Mỡ Khìa Nước Dừa,Bữa tối
Nấm Mỡ Khìa Nước Dừa,Bữa trưa
Nấm Mỡ Khìa Nước Dừa,Món chay
Cật Xào Khoai Tây,Bữa tối
Cật Xào Khoai Tây,Bữa trưa
Heo Xiên Que Nướng Mắc Khén,Bữa tối
Heo Xiên Que Nướng Mắc Khén,Bữa trưa
Lẩu Riêu Bắp Bò,Bữa tối
Lẩu Riêu Bắp Bò,Bữa trưa
Lẩu Cá Khoai Chua Cay,Bữa tối
Lẩu Cá Khoai Chua Cay,Bữa trưa
Pizza Hải Sản,Bữa tối
Pizza Hải Sản,Bữa trưa
Bê Xào Đọt Su,Bữa tối
Bê Xào Đọt Su,Bữa trưa
Mọc Cua Chiên Giòn Xốt Mayonnaise,Bữa tối
Mọc Cua Chiên Giòn Xốt Mayonnaise,Bữa trưa
Thịt Ba Chỉ Rim Chanh Sả,Bữa tối
Thịt Ba Chỉ Rim Chanh Sả,Bữa trưa
Gà Chiên Sả Lá Chanh,Bữa tối
Gà Chiên Sả Lá Chanh,Bữa trưa
Cá Dứa Chiên Giòn – Xốt Chanh Dây,Bữa tối
Cá Dứa Chiên Giòn – Xốt Chanh Dây,Bữa trưa
Sườn Chay Kho Đậu Hũ,Bữa trưa
Sườn Chay Kho Đậu Hũ,Bữa tối
Sườn Chay Kho Đậu Hũ,Món chay
Sườn Chay Kho Đậu Hũ,Món chay
Canh Gà Hương Vị Thái,Bữa tối
Canh Gà Hương Vị Thái,Bữa trưa
Gỏi Khổ Qua Cá Khô,Bữa tối
Gỏi Khổ Qua Cá Khô,Bữa trưa
Gà Cuộn Bacon Chiên Lá Hương Thảo,Bữa tối
Gà Cuộn Bacon Chiên Lá Hương Thảo,Bữa trưa
Canh Ngó Môn Tôm Thịt,Bữa tối
Canh Ngó Môn Tôm Thịt,Bữa trưa
Gan Bò Xào Thơm Cà,Bữa tối
Gan Bò Xào Thơm Cà,Bữa trưa
Tàu Hũ Ky Xào Nấm,Bữa tối
Tàu Hũ Ky Xào Nấm,Bữa trưa
Tàu Hũ Ky Xào Nấm,Món chay
Tàu Hũ Ky Xào Nấm,Món chay
Cháo Nấm – Gà Trộn É Tía,Bữa tối
Cháo Nấm – Gà Trộn É Tía,Bữa trưa
Gỏi Ếch Cóc Xanh,Bữa tối
Gỏi Ếch Cóc Xanh,Bữa trưa
Cá Rô Phi Kho Lạt,Bữa tối
Cá Rô Phi Kho Lạt,Bữa trưa
Tôm Chiên Cánh Bướm,Bữa tối
Tôm Chiên Cánh Bướm,Bữa trưa
Tàu Hũ Ky Cuốn Ngũ Sắc,Bữa tối
Tàu Hũ Ky Cuốn Ngũ Sắc,Bữa trưa
Tàu Hũ Ky Cuốn Ngũ Sắc,Món chay
Tàu Hũ Ky Cuốn Ngũ Sắc,Món chay
Mì Cay,Bữa sáng
Mì Cay,Bữa tối
Mì Cay,Bữa trưa
Canh Tôm Lá Ớt,Bữa tối
Canh Tôm Lá Ớt,Bữa trưa
Nấm Đùi Gà Hấp Cải Xanh,Bữa tối
Nấm Đùi Gà Hấp Cải Xanh,Bữa trưa
Nấm Đùi Gà Hấp Cải Xanh,Món chay
Gỏi Dưa Leo Khô Cá Cơm,Bữa trưa
Gỏi Dưa Leo Khô Cá Cơm,Bữa tối
Xôi Gà Nướng,Bữa trưa
Xôi Gà Nướng,Bữa tối
Cà Tím Xào Tôm Thịt,Bữa tối
Cà Tím Xào Tôm Thịt,Bữa trưa
Salad Rong Nho Cá Hồi,Bữa tối
Salad Rong Nho Cá Hồi,Bữa trưa
Súp Tomyum Hải Sản,Bữa tối
Súp Tomyum Hải Sản,Bữa trưa
Gỏi Gà Dưa Leo,Bữa tối
Gỏi Gà Dưa Leo,Bữa trưa
Bánh Xèo Nấm Mối Chay,Bữa tối
Bánh Xèo Nấm Mối Chay,Bữa trưa
Chả Tôm Lá Chúc,Bữa trưa
Chả Tôm Lá Chúc,Bữa tối
Salad Tôm Lạnh,Bữa trưa
Salad Tôm Lạnh,Bữa tối
Bạch Tuộc Nhúng Lá Me,Bữa tối
Bạch Tuộc Nhúng Lá Me,Bữa trưa
Cá Bớp Chiên Giòn Xốt Mận,Bữa tối
Cá Bớp Chiên Giòn Xốt Mận,Bữa trưa
Đậu Hũ Croquette,Bữa tối
Đậu Hũ Croquette,Bữa trưa
Tôm Mực Xào Rau Nhút,Bữa tối
Tôm Mực Xào Rau Nhút,Bữa trưa
Mực Trứng Nướng Mỡ Hành,Bữa tối
Mực Trứng Nướng Mỡ Hành,Bữa trưa
Sườn Kho Bắp Non,Bữa tối
Sườn Kho Bắp Non,Bữa trưa
Bò Chiên Một Nắng,Bữa tối
Bò Chiên Một Nắng,Bữa trưa
Salad Xanh,Bữa tối
Salad Xanh,Bữa trưa
Salad Xanh,Món chay
Hoành Thánh Hải Sản Chiên Giòn,Bữa tối
Hoành Thánh Hải Sản Chiên Giòn,Bữa trưa
Pancake Sầu Riêng,Món chay
Bánh Bạch Tuộc Takoyaki,Bữa tối
Bánh Bạch Tuộc Takoyaki,Bữa trưa
Bò Ping Pong,Bữa tối
Bò Ping Pong,Bữa trưa
Tàu Hủ Ky Rim Nấm,Bữa tối
Tàu Hủ Ky Rim Nấm,Bữa trưa
Tàu Hủ Ky Rim Nấm,Món chay
Tàu Hủ Ky Rim Nấm,Món chay
Lẩu Sườn Chua Cay,Bữa tối
Lẩu Sườn Chua Cay,Bữa trưa
Mắm Kho,Bữa tối
Mắm Kho,Bữa trưa
Cá Nướng Thảo Mộc,Bữa tối
Cá Nướng Thảo Mộc,Bữa trưa
Khổ Qua Xào Chả Cá,Bữa tối
Khổ Qua Xào Chả Cá,Bữa trưa
Ốc Móng Tay Nướng Chanh Sả,Bữa tối
Ốc Móng Tay Nướng Chanh Sả,Bữa trưa
Miến Xào Giá Đậu Nành,Bữa trưa
Miến Xào Giá Đậu Nành,Bữa tối
Miến Xào Giá Đậu Nành,Món chay
Miến Xào Giá Đậu Nành,Món chay
Cá Chẽm Xốt Kem Chanh,Bữa tối
Cá Chẽm Xốt Kem Chanh,Bữa trưa
Canh Chua Củ Hủ Dừa Tôm Đất,Bữa tối
Canh Chua Củ Hủ Dừa Tôm Đất,Bữa trưa
Cải Rổ Xốt Mè Đậu Hũ,Bữa tối
Cải Rổ Xốt Mè Đậu Hũ,Bữa trưa
Nấm Đùi Gà Hấp Tía Tô,Bữa tối
Nấm Đùi Gà Hấp Tía Tô,Bữa trưa
Nấm Đùi Gà Hấp Tía Tô,Món chay
Nấm Đùi Gà Hấp Tía Tô,Món chay
Bánh Chả Củ Sắn Chay,Món chay
Bánh Chả Củ Sắn Chay,Món chay
Súp Phồng Tôm Hải Sản,Bữa tối
Súp Phồng Tôm Hải Sản,Bữa trưa
Pancake Socola Trà Xanh,Món chay
Cá Hồi Ngâm Chua,Bữa tối
Cá Hồi Ngâm Chua,Bữa trưa
Canh Nghêu Măng Le Vị Lẩu Thái,Bữa tối
Canh Nghêu Măng Le Vị Lẩu Thái,Bữa trưa
Đùi Gà Nướng Rượu,Bữa tối
Đùi Gà Nướng Rượu,Bữa trưa
Heo Nướng Mỡ Hẹ,Bữa tối
Heo Nướng Mỡ Hẹ,Bữa trưa
Sụn Heo Xào Thơm,Bữa tối
Sụn Heo Xào Thơm,Bữa trưa
Salad Hoa Thiên Lý Thịt Bò,Bữa tối
Salad Hoa Thiên Lý Thịt Bò,Bữa trưa
Mít Non Om Chao Đỏ,Bữa tối
Mít Non Om Chao Đỏ,Bữa trưa
Mít Non Om Chao Đỏ,Món chay
Salad Nấm Linh Chi,Bữa tối
Salad Nấm Linh Chi,Bữa trưa
Salad Nấm Linh Chi,Món chay
Chim Cút Chiên Mắm Me,Bữa tối
Chim Cút Chiên Mắm Me,Bữa trưa
Ốc Xào Thơm,Bữa trưa
Ốc Xào Thơm,Bữa tối
Chả Giò Hải Sản Phô Mai,Bữa tối
Chả Giò Hải Sản Phô Mai,Bữa trưa
Súp Nui Nha Đam Tôm Thả,Bữa tối
Súp Nui Nha Đam Tôm Thả,Bữa trưa
Salad Trái Cây Nhiệt Đới,Bữa tối
Salad Trái Cây Nhiệt Đới,Bữa trưa
Salad Trái Cây Nhiệt Đới,Món chay
Cá Cam Chiên Giòn Lá Quế,Bữa tối
Cá Cam Chiên Giòn Lá Quế,Bữa trưa
Khoai Tây Xào Thạch Konnyaku,Bữa tối
Khoai Tây Xào Thạch Konnyaku,Bữa trưa
Đậu Bắp Xào Hải Sản,Bữa tối
Đậu Bắp Xào Hải Sản,Bữa trưa
Salad Dưa Lê,Bữa tối
Salad Dưa Lê,Bữa trưa
Salad Dưa Lê,Món chay
Bao Tử Cá Basa Chiên Xốt Me,Bữa tối
Bao Tử Cá Basa Chiên Xốt Me,Bữa trưa
Burger Trứng Gà Áp Chảo,Bữa tối
Burger Trứng Gà Áp Chảo,Bữa trưa
Thịt Giò Heo Kho Củ Cải,Bữa trưa
Thịt Giò Heo Kho Củ Cải,Bữa tối
Cuốn Rong Biển Đậu Hũ,Bữa tối
Cuốn Rong Biển Đậu Hũ,Bữa trưa
Cuốn Rong Biển Đậu Hũ,Món chay
Cuốn Rong Biển Đậu Hũ,Món chay
Vịt Om Ớt Xanh Hoa Chuối,Bữa tối
Vịt Om Ớt Xanh Hoa Chuối,Bữa trưa
Canh Chua Cá Kèo Bông So Đũa,Bữa tối
Canh Chua Cá Kèo Bông So Đũa,Bữa trưa
Bí Ngòi Hấp Chả Chay,Bữa trưa
Bí Ngòi Hấp Chả Chay,Bữa tối
Bí Ngòi Hấp Chả Chay,Món chay
Bí Ngòi Hấp Chả Chay,Món chay
Đuông Khoai Lang Cốt Dừa,Bữa tối
Đuông Khoai Lang Cốt Dừa,Bữa trưa
Đuông Khoai Lang Cốt Dừa,Món chay
Mướp Hương Nhồi Tôm Hấp,Bữa tối
Mướp Hương Nhồi Tôm Hấp,Bữa trưa
Lẩu Cá Chình,Bữa tối
Lẩu Cá Chình,Bữa trưa
Chả Thịt Lá Lốt,Bữa tối
Chả Thịt Lá Lốt,Bữa trưa
Cơm Tấm Sườn Chay,Bữa tối
Cơm Tấm Sườn Chay,Bữa trưa
Cơm Tấm Sườn Chay,Món chay
Cơm Tấm Sườn Chay,Món chay
Cá Chạch Chiên Lá Quế,Bữa tối
Cá Chạch Chiên Lá Quế,Bữa trưa
Canh Cải Cầu Vồng Nấu Cua,Bữa tối
Canh Cải Cầu Vồng Nấu Cua,Bữa trưa
Nấm Chiên Giòn Xốt Chanh Dây,Bữa tối
Nấm Chiên Giòn Xốt Chanh Dây,Bữa trưa
Nấm Chiên Giòn Xốt Chanh Dây,Món chay
Canh Gà Lá Quế,Bữa tối
Canh Gà Lá Quế,Bữa trưa
Lẩu Nghêu Sò Ốc Hến,Bữa tối
Lẩu Nghêu Sò Ốc Hến,Bữa trưa
Củ Sen Kẹp Chả Cá Basa,Bữa trưa
Củ Sen Kẹp Chả Cá Basa,Bữa tối
Lẩu Bạch Tuộc,Bữa tối
Lẩu Bạch Tuộc,Bữa trưa
Thịt Nướng Xí Muội,Bữa tối
Thịt Nướng Xí Muội,Bữa trưa
Bầu Xào Giò Thủ,Bữa tối
Bầu Xào Giò Thủ,Bữa trưa
Gỏi Gân Bò Trứng Muối,Bữa trưa
Gỏi Gân Bò Trứng Muối,Bữa tối
Súp Gạo Lứt Tóc Tiên,Bữa trưa
Súp Gạo Lứt Tóc Tiên,Bữa tối
Súp Gạo Lứt Tóc Tiên,Món chay
Súp Gạo Lứt Tóc Tiên,Món chay
Tôm Bao Mọc Chiên Giòn,Bữa tối
Tôm Bao Mọc Chiên Giòn,Bữa trưa
Trăm Trứng Tiến Vua,Bữa tối
Trăm Trứng Tiến Vua,Bữa trưa
Thăn Heo Chiên Giòn,Bữa tối
Thăn Heo Chiên Giòn,Bữa trưa
Gà Hon Đậu Phộng,Bữa tối
Gà Hon Đậu Phộng,Bữa trưa
Bún Thịt Heo Xiên Sả Nướng,Bữa trưa
Bún Thịt Heo Xiên Sả Nướng,Bữa tối
Sườn Non Rim Củ Nén,Bữa tối
Sườn Non Rim Củ Nén,Bữa trưa
Cuốn Lá Lốt Thịt Ếch,Bữa tối
Cuốn Lá Lốt Thịt Ếch,Bữa trưa
Gan Kho Tộ,Bữa tối
Gan Kho Tộ,Bữa trưa
Ba Chỉ Chiên Giòn – Mắm Thơm,Bữa tối
Ba Chỉ Chiên Giòn – Mắm Thơm,Bữa trưa
Tôm Rang Củ Nén Húng Chanh,Bữa tối
Tôm Rang Củ Nén Húng Chanh,Bữa trưa
Canh Măng Sườn Lá Giang,Bữa tối
Canh Măng Sườn Lá Giang,Bữa trưa
Đậu Hũ Nhồi Tôm Chiên,Bữa tối
Đậu Hũ Nhồi Tôm Chiên,Bữa trưa
Xíu Mại Chay,Bữa tối
Xíu Mại Chay,Bữa trưa
Xíu Mại Chay,Món chay
Xíu Mại Chay,Món chay
Sườn Xóc Tỏi,Bữa tối
Sườn Xóc Tỏi,Bữa trưa
Bacon Xào Bông Cải Măng Tây,Bữa tối
Bacon Xào Bông Cải Măng Tây,Bữa trưa
Mì Tàu Hũ Cá Hồi,Bữa tối
Mì Tàu Hũ Cá Hồi,Bữa trưa
Phở Bò Bắp Hoa,Bữa tối
Phở Bò Bắp Hoa,Bữa trưa
Phở Bò Bắp Hoa,Bữa sáng
Salad Hạt Chia,Bữa tối
Salad Hạt Chia,Bữa trưa
Gỏi Củ Hủ Dừa Bao Tử,Bữa tối
Gỏi Củ Hủ Dừa Bao Tử,Bữa trưa
Ngưu Bàng Xào Hải Sản,Bữa tối
Ngưu Bàng Xào Hải Sản,Bữa trưa
Lẩu Nhúng Chay,Bữa tối
Lẩu Nhúng Chay,Bữa trưa
Lẩu Nhúng Chay,Món chay
Lẩu Nhúng Chay,Món chay
Gyoza Cá Hồi – Há Cảo Nhật Bản,Bữa tối
Gyoza Cá Hồi – Há Cảo Nhật Bản,Bữa trưa
Ốc Mỡ Xào Me,Bữa tối
Ốc Mỡ Xào Me,Bữa trưa
Salad Cua Thanh,Bữa tối
Salad Cua Thanh,Bữa trưa
Gà Xào Xốt Táo,Bữa tối
Gà Xào Xốt Táo,Bữa trưa
TẾT 3 MIỀN – Miền Nam: Cải Bẹ Xanh Cuốn Củ Hủ Dừa,Bữa tối
TẾT 3 MIỀN – Miền Nam: Cải Bẹ Xanh Cuốn Củ Hủ Dừa,Bữa trưa
TẾT 3 MIỀN – Miền Nam: Cải Bẹ Xanh Cuốn Củ Hủ Dừa,Món chay
TẾT 3 MIỀN – Miền Nam: Cải Bẹ Xanh Cuốn Củ Hủ Dừa,Món chay
TẾT 3 MIỀN – Miền Trung: Cuốn Nem Chua Mì Căn,Bữa tối
TẾT 3 MIỀN – Miền Trung: Cuốn Nem Chua Mì Căn,Bữa trưa
TẾT 3 MIỀN – Miền Trung: Cuốn Nem Chua Mì Căn,Món chay
TẾT 3 MIỀN – Miền Bắc: Cuốn Đậu Mơ Su Hào,Bữa tối
TẾT 3 MIỀN – Miền Bắc: Cuốn Đậu Mơ Su Hào,Bữa trưa
TẾT 3 MIỀN – Miền Bắc: Cuốn Đậu Mơ Su Hào,Món chay
Salad Rong Sụn Trứng Muối,Bữa tối
Salad Rong Sụn Trứng Muối,Bữa trưa
Cá Trứng Chiên Xốt Trứng Muối,Bữa tối
Cá Trứng Chiên Xốt Trứng Muối,Bữa trưa
Chân Gà Sả Tắc,Bữa tối
Chân Gà Sả Tắc,Bữa trưa
Hoành Thánh Chay Áp Chảo,Bữa tối
Hoành Thánh Chay Áp Chảo,Bữa trưa
Hoành Thánh Chay Áp Chảo,Món chay
Hoành Thánh Chay Áp Chảo,Món chay
Mực Lụi Sả Nướng,Bữa tối
Mực Lụi Sả Nướng,Bữa trưa
Canh Tôm Mọc Hạt Sen,Bữa tối
Canh Tôm Mọc Hạt Sen,Bữa trưa
Cuốn Tàu Hũ Ky Xốt Rô Ti,Bữa tối
Cuốn Tàu Hũ Ky Xốt Rô Ti,Bữa trưa
Cuốn Tàu Hũ Ky Xốt Rô Ti,Món chay
Cuốn Tàu Hũ Ky Xốt Rô Ti,Món chay
Cá Lá Lốt Chiên Mè,Bữa tối
Cá Lá Lốt Chiên Mè,Bữa trưa
Lẩu Tôm Càng,Bữa tối
Lẩu Tôm Càng,Bữa trưa
Canh Gà Măng Chua Lá Giang,Bữa tối
Canh Gà Măng Chua Lá Giang,Bữa trưa
Ram Hến,Bữa tối
Ram Hến,Bữa trưa
Sườn Sụn Om Hành Phi,Bữa tối
Sườn Sụn Om Hành Phi,Bữa trưa
Gỏi Rau Má Tôm Khô Chiên Giòn,Bữa tối
Gỏi Rau Má Tôm Khô Chiên Giòn,Bữa trưa
Canh Chùm Ngây Sườn Non,Bữa tối
Canh Chùm Ngây Sườn Non,Bữa trưa
Nấm Xào Bí Ngòi,Bữa tối
Nấm Xào Bí Ngòi,Bữa trưa
Nấm Xào Bí Ngòi,Món chay
Nấm Xốt Tiêu Xanh,Bữa tối
Nấm Xốt Tiêu Xanh,Bữa trưa
Nấm Xốt Tiêu Xanh,Món chay
Viên Chả Mực Chiên Giòn,Bữa tối
Viên Chả Mực Chiên Giòn,Bữa trưa
Vịt Om Dưa Cải Khoai Sọ,Bữa trưa
Vịt Om Dưa Cải Khoai Sọ,Bữa tối
Cá Chiên Bông Điên Điển,Bữa tối
Cá Chiên Bông Điên Điển,Bữa trưa
Cháo Hạt Sen Bạch Quả,Bữa tối
Cháo Hạt Sen Bạch Quả,Món chay
Đùi Ếch Nướng Lá Cách,Bữa tối
Đùi Ếch Nướng Lá Cách,Bữa trưa
Chả Cua Nấm Hương,Bữa trưa
Chả Cua Nấm Hương,Bữa tối
Cá Lóc Chiên Mắm Sả,Bữa tối
Cá Lóc Chiên Mắm Sả,Bữa trưa
Lẩu Mực Nấm,Bữa trưa
Lẩu Mực Nấm,Bữa tối
Lẩu Bầu Cua,Bữa tối
Lẩu Bầu Cua,Bữa trưa
Cải Thìa Xào Nấm Đông Cô Thịt Cua,Bữa tối
Cải Thìa Xào Nấm Đông Cô Thịt Cua,Bữa trưa
Cánh Gà Nhồi Củ Năng,Bữa tối
Cánh Gà Nhồi Củ Năng,Bữa trưa
Lẩu Ngưu Bàng Rong Biển,Bữa tối
Lẩu Ngưu Bàng Rong Biển,Bữa trưa
Lẩu Ngưu Bàng Rong Biển,Món chay
Cháo Yến Mạch Thịt Bò,Bữa sáng
Cháo Yến Mạch Thịt Bò,Bữa tối
Cháo Yến Mạch Thịt Bò,Bữa trưa
Cá Gáy Chiên Xốt Chanh Sả,Bữa tối
Cá Gáy Chiên Xốt Chanh Sả,Bữa trưa
Bún Mè Đen Xào Nghêu,Bữa tối
Bún Mè Đen Xào Nghêu,Bữa trưa
Cơm Tấm Sườn Cây,Bữa tối
Cơm Tấm Sườn Cây,Bữa trưa
Bánh Bột Báng Ngũ Sắc,Bữa tối
Bánh Bột Báng Ngũ Sắc,Bữa trưa
Gà Viên Phô Mai Chiên Giòn,Bữa tối
Gà Viên Phô Mai Chiên Giòn,Bữa trưa
Mướp Khía Xào Mực,Bữa trưa
Mướp Khía Xào Mực,Bữa tối
Canh Ếch Lá Giang,Bữa trưa
Canh Ếch Lá Giang,Bữa tối
Mì Nưa Trộn Sườn Chay,Bữa tối
Mì Nưa Trộn Sườn Chay,Bữa trưa
Mì Nưa Trộn Sườn Chay,Món chay
Tôm Xốt Nụ Bạch Hoa,Bữa tối
Tôm Xốt Nụ Bạch Hoa,Bữa trưa
Cá Đổng Kho Dưa Cà,Bữa tối
Cá Đổng Kho Dưa Cà,Bữa trưa
Cải Xoong Xào Tôm,Bữa trưa
Cải Xoong Xào Tôm,Bữa tối
Bánh Cuốn Lòng Vịt,Bữa sáng
Gỏi Mít Thịt Ba Chỉ,Bữa tối
Gỏi Mít Thịt Ba Chỉ,Bữa trưa
Gỏi Gà Sứa Sả Tắc,Bữa trưa
Gỏi Gà Sứa Sả Tắc,Bữa tối
Súp Hành Tây Kiểu Pháp,Bữa tối
Súp Hành Tây Kiểu Pháp,Bữa trưa
Gỏi Cuốn Cá Hồi,Bữa tối
Gỏi Cuốn Cá Hồi,Bữa trưa
Cá Hồi Chiên Sốt Chanh,Bữa tối
Cá Hồi Chiên Sốt Chanh,Bữa trưa
Cá Hồi Nướng Mía,Bữa tối
Cá Hồi Nướng Mía,Bữa trưa
Canape Cá Hồi Xông Khói,Bữa tối
Canape Cá Hồi Xông Khói,Bữa trưa
Gỏi Bưởi Cá Hồi,Bữa tối
Gỏi Bưởi Cá Hồi,Bữa trưa
Canh Mực Nấu Chua,Bữa tối
Canh Mực Nấu Chua,Bữa trưa
Cá Hố Kho Hành Gừng,Bữa tối
Cá Hố Kho Hành Gừng,Bữa trưa
Bê Hấp Bia,Bữa tối
Bê Hấp Bia,Bữa trưa
Chả Giò Khoai Tây Trứng Muối,Bữa tối
Chả Giò Khoai Tây Trứng Muối,Bữa trưa
Nấm Bào Ngư Hấp Sả,Bữa tối
Nấm Bào Ngư Hấp Sả,Bữa trưa
Nấm Bào Ngư Hấp Sả,Món chay
Sandwich Cuộn Thịt Cua,Bữa sáng
Sụn Heo Xáo Nghệ,Bữa tối
Sụn Heo Xáo Nghệ,Bữa trưa
Lươn Kho Củ Nén,Bữa tối
Lươn Kho Củ Nén,Bữa trưa
Pizza Phở Hải Sản,Bữa sáng
Pizza Phở Hải Sản,Bữa trưa
Pizza Phở Hải Sản,Bữa tối
Pizza Phở Hải Sản,Món Âu
Bún Bò Giò Heo,Bữa sáng
Bún Bò Giò Heo,Bữa tối
Bún Bò Giò Heo,Bữa trưa
Mì Nưa Xào Kim Chi Thịt Bò,Bữa tối
Mì Nưa Xào Kim Chi Thịt Bò,Bữa trưa
Bánh Rán Hamburger,Bữa sáng
Bánh Rán Hamburger,Bữa tối
Bánh Rán Hamburger,Bữa trưa
Bánh Khọt Chay,Bữa trưa
Bánh Khọt Chay,Bữa tối
Bánh Khọt Chay,Món chay
Bánh Khọt Chay,Món chay
Chả Chay Rim Ngũ Vị,Bữa tối
Chả Chay Rim Ngũ Vị,Bữa trưa
Chả Chay Rim Ngũ Vị,Món chay
Chả Chay Rim Ngũ Vị,Món chay
Đậu Hũ Nhồi Nấm Bào Ngư,Bữa tối
Đậu Hũ Nhồi Nấm Bào Ngư,Bữa trưa
Đậu Hũ Nhồi Nấm Bào Ngư,Món chay
Canh Củ Quả Nấu Tôm,Bữa tối
Canh Củ Quả Nấu Tôm,Bữa trưa
Cánh Gà Chiên Coca,Bữa sáng
Cánh Gà Chiên Coca,Bữa tối
Cánh Gà Chiên Coca,Bữa trưa
Tôm Nướng Lá Chúc,Bữa tối
Tôm Nướng Lá Chúc,Bữa trưa
Hàu Chiên Giòn Sốt Mayonnaise Mù Tạt,Bữa sáng
Hàu Chiên Giòn Sốt Mayonnaise Mù Tạt,Bữa tối
Hàu Chiên Giòn Sốt Mayonnaise Mù Tạt,Bữa trưa
Bún Xí Quách Nước Tương,Bữa tối
Bún Xí Quách Nước Tương,Bữa trưa
Cánh Gà Chiên Tiêu Lốp,Bữa tối
Cánh Gà Chiên Tiêu Lốp,Bữa trưa
Thịt Ba Chỉ Kho Cam,Bữa tối
Thịt Ba Chỉ Kho Cam,Bữa trưa
Canh Cá Chép Rau Cần,Bữa tối
Canh Cá Chép Rau Cần,Bữa trưa
Bánh Kim Chi Hải Sản,Bữa sáng
Bánh Kim Chi Hải Sản,Bữa tối
Bánh Kim Chi Hải Sản,Bữa trưa
Rong Biển Cuộn Đậu Hũ,Bữa sáng
Rong Biển Cuộn Đậu Hũ,Bữa tối
Rong Biển Cuộn Đậu Hũ,Bữa trưa
Pancake Chocolate Nhân Kem Dâu,Bữa trưa
Pancake Chocolate Nhân Kem Dâu,Bữa tối
Pancake Chocolate Nhân Kem Dâu,Món Âu
Sườn Và Đậu Hũ Kho Thơm,Bữa trưa
Sườn Và Đậu Hũ Kho Thơm,Bữa tối
Gà Xào Ngũ Sắc,Bữa tối
Gà Xào Ngũ Sắc,Bữa trưa
Gỏi Cá,Bữa tối
Gỏi Cá,Bữa trưa
Salad Cam Tôm Sú,Bữa tối
Salad Cam Tôm Sú,Bữa trưa
Salad Cam Tôm Sú,Món Âu
Cá Trê Chiên Giòn,Bữa tối
Cá Trê Chiên Giòn,Bữa trưa
Bún Chùm Ngây Xào Hải Sản,Bữa tối
Bún Chùm Ngây Xào Hải Sản,Bữa trưa
Mướp Hương Xào Tim,Bữa tối
Mướp Hương Xào Tim,Bữa trưa
Bột Chiên,Bữa tối
Bột Chiên,Bữa trưa
Lẩu Thái Cua Đồng,Bữa tối
Lẩu Thái Cua Đồng,Bữa trưa
Canh Cá Cơm Lá Me Đất,Bữa tối
Canh Cá Cơm Lá Me Đất,Bữa trưa
Vịt Nướng Me Cay,Bữa tối
Vịt Nướng Me Cay,Bữa trưa
Bánh Rán Chocolate Đậu Đỏ,Bữa sáng
Bánh Rán Chocolate Đậu Đỏ,Bữa tối
Bánh Rán Chocolate Đậu Đỏ,Bữa trưa
Đậu Đũa Xào Tôm,Bữa tối
Đậu Đũa Xào Tôm,Bữa trưa
Lẩu Cá Dìa,Bữa tối
Lẩu Cá Dìa,Bữa trưa
Bạch Tuộc Xào Rượu Gừng,Bữa tối
Bạch Tuộc Xào Rượu Gừng,Bữa trưa
Bánh Rán Chocolate Jelly Chanh Dây,Bữa sáng
Bánh Rán Chocolate Jelly Chanh Dây,Bữa tối
Bánh Rán Chocolate Jelly Chanh Dây,Bữa trưa
Gỏi Sứa Khoai Môn,Bữa tối
Gỏi Sứa Khoai Môn,Bữa trưa
Cá Hồi Cuộn Cơm Chiên,Bữa tối
Cá Hồi Cuộn Cơm Chiên,Bữa trưa
Ba Rọi Kho Măng,Bữa trưa
Ba Rọi Kho Măng,Bữa tối
Trứng Chiên Đậu Hủ Thịt Cua,Bữa sáng
Trứng Chiên Đậu Hủ Thịt Cua,Bữa tối
Trứng Chiên Đậu Hủ Thịt Cua,Bữa trưa
Bánh Canh Khoai Tím,Bữa sáng
Bánh Canh Khoai Tím,Bữa tối
Bánh Canh Khoai Tím,Bữa trưa
Chạo Chay Sả Cây,Bữa tối
Chạo Chay Sả Cây,Bữa trưa
Chạo Chay Sả Cây,Món chay
Chạo Chay Sả Cây,Món chay
Ốc Cà Na Hấp Sả,Bữa tối
Ốc Cà Na Hấp Sả,Bữa trưa
Bánh Xếp,Bữa tối
Bánh Xếp,Bữa trưa
Canh Chua Bông Thiên Lý,Bữa tối
Canh Chua Bông Thiên Lý,Bữa trưa
Vịt Kho Chanh Muối,Bữa tối
Vịt Kho Chanh Muối,Bữa trưa
Chả Cá Vị Cà Ri,Bữa tối
Chả Cá Vị Cà Ri,Bữa trưa
Đu Đủ Xào Thịt Gà,Bữa tối
Đu Đủ Xào Thịt Gà,Bữa trưa
Lâu Đài Bánh Rán,Bữa sáng
Lâu Đài Bánh Rán,Bữa tối
Lâu Đài Bánh Rán,Bữa trưa
Cá Đục Chiên Giòn,Bữa tối
Cá Đục Chiên Giòn,Bữa trưa
Cơm Phô Mai Chiên Giòn,Bữa sáng
Cơm Phô Mai Chiên Giòn,Bữa tối
Cơm Phô Mai Chiên Giòn,Bữa trưa
Thăn Heo Cuốn Cải Hấp,Bữa tối
Thăn Heo Cuốn Cải Hấp,Bữa trưa
Vịt Kho Dưa Gừng Non,Bữa tối
Vịt Kho Dưa Gừng Non,Bữa trưa
Cá Thu Chiên Giòn Xốt Chanh Dây,Bữa tối
Cá Thu Chiên Giòn Xốt Chanh Dây,Bữa trưa
Cá Thu Chiên Giòn Xốt Chanh Dây,Món Âu
Thịt Heo Xông Khói Hương Sả,Bữa tối
Thịt Heo Xông Khói Hương Sả,Bữa trưa
Thịt Heo Xông Khói Hương Sả,Món Âu
Lẩu Gà Hầm Sả,Bữa tối
Lẩu Gà Hầm Sả,Bữa trưa
Cải Thảo Xào Tôm Khô,Bữa tối
Cải Thảo Xào Tôm Khô,Bữa trưa
Ngồng Tỏi Xào Hải Sản,Bữa tối
Ngồng Tỏi Xào Hải Sản,Bữa trưa
Đọt Su Xào Trứng Bắc Thảo,Bữa tối
Đọt Su Xào Trứng Bắc Thảo,Bữa trưa
Gỏi Cua,Bữa trưa
Gỏi Cua,Bữa tối
Chả Tôm Ốc Hương,Bữa tối
Chả Tôm Ốc Hương,Bữa trưa
Gỏi Bạch Tuộc Ớt Chuông,Bữa tối
Gỏi Bạch Tuộc Ớt Chuông,Bữa trưa
Cá Cuộn Bacon Hương Thảo,Bữa tối
Cá Cuộn Bacon Hương Thảo,Bữa trưa
Canh Gà Cuộn Cải Thảo,Bữa tối
Canh Gà Cuộn Cải Thảo,Bữa trưa
Salad Dưa Leo Trộn Xúc Xích,Bữa sáng
Salad Dưa Leo Trộn Xúc Xích,Bữa tối
Salad Dưa Leo Trộn Xúc Xích,Bữa trưa
Salad Dưa Leo Trộn Xúc Xích,Món Âu
Nem Chay Rán,Bữa tối
Nem Chay Rán,Bữa trưa
Nem Chay Rán,Món chay
Nem Chay Rán,Món chay
Cá Nục Kho Rục,Bữa tối
Cá Nục Kho Rục,Bữa trưa
Cuốn Gà Xào Xốt Mè,Bữa tối
Cuốn Gà Xào Xốt Mè,Bữa trưa
Bánh Khoai Môn Đút Lò,Bữa tối
Bánh Khoai Môn Đút Lò,Bữa trưa
Canh Gà Lá É,Bữa tối
Canh Gà Lá É,Bữa trưa
Tôm Chiên Xốt Chanh,Bữa tối
Tôm Chiên Xốt Chanh,Bữa trưa
Tôm Chiên Xốt Chanh,Món Âu
Lẩu Khổ Qua Hải Sản,Bữa tối
Lẩu Khổ Qua Hải Sản,Bữa trưa
Mực Trứng Xào Rau Răm,Bữa tối
Mực Trứng Xào Rau Răm,Bữa trưa
Ba Rọi Nướng Riềng,Bữa trưa
Ba Rọi Nướng Riềng,Bữa tối
Canh Gà Nấm Mỡ,Bữa tối
Canh Gà Nấm Mỡ,Bữa trưa
Salad Ngũ Sắc Chay,Bữa tối
Salad Ngũ Sắc Chay,Bữa trưa
Salad Ngũ Sắc Chay,Món chay
Salad Ngũ Sắc Chay,Món chay
Cần Tây Bóp Xổi Sụn Gà,Bữa tối
Cần Tây Bóp Xổi Sụn Gà,Bữa trưa
Salad Bò Rau Đắng,Bữa sáng
Salad Bò Rau Đắng,Bữa tối
Salad Bò Rau Đắng,Bữa trưa
Salad Bò Rau Đắng,Món Âu
Khổ Qua Hấp Tam Cô,Bữa trưa
Khổ Qua Hấp Tam Cô,Bữa tối
Bò Kho Dưa Kiệu,Bữa tối
Bò Kho Dưa Kiệu,Bữa trưa
Bó Củi Bào Ngư,Bữa tối
Bó Củi Bào Ngư,Bữa trưa
Pasta Tình Yêu,Bữa tối
Pasta Tình Yêu,Bữa trưa
Pasta Tình Yêu,Món Âu
Cà Tím Kẹp Thịt Gà Chiên,Bữa tối
Cà Tím Kẹp Thịt Gà Chiên,Bữa trưa
Cá Điêu Hồng Chiên Xốt Tắc,Bữa tối
Cá Điêu Hồng Chiên Xốt Tắc,Bữa trưa
Cá Chẽm Xiên Que Xốt Thì Là,Bữa tối
Cá Chẽm Xiên Que Xốt Thì Là,Bữa trưa
Canh Cua Rau Cần,Bữa tối
Canh Cua Rau Cần,Bữa trưa
Sườn Nướng Quả Lê,Bữa tối
Sườn Nướng Quả Lê,Bữa trưa
Salad Mì Udon Cá Hồi,Bữa trưa
Salad Mì Udon Cá Hồi,Bữa tối
Bánh Đúc Củ Cải,Bữa sáng
Bánh Đúc Củ Cải,Bữa tối
Bánh Đúc Củ Cải,Bữa trưa
Salad Ức Gà Áp Chảo,Bữa sáng
Salad Ức Gà Áp Chảo,Bữa tối
Salad Ức Gà Áp Chảo,Bữa trưa
Salad Ức Gà Áp Chảo,Món Âu
Bánh Rán Chocolate,Bữa sáng
Bánh Rán Chocolate,Bữa tối
Bánh Rán Chocolate,Bữa trưa
Tôm Chiên Lá Cà Ri,Bữa tối
Tôm Chiên Lá Cà Ri,Bữa trưa
Cá Viên Chiên,Bữa tối
Cá Viên Chiên,Bữa trưa
Kèo Nèo Xào Tép,Bữa tối
Kèo Nèo Xào Tép,Bữa trưa
Bò Kho Nước Dừa,Bữa tối
Bò Kho Nước Dừa,Bữa trưa
Củ Sen Xào Ngũ Vị,Bữa tối
Củ Sen Xào Ngũ Vị,Bữa trưa
Củ Sen Xào Ngũ Vị,Món chay
Chả Lụi,Bữa tối
Chả Lụi,Bữa trưa
Ếch Xào Sả Lá Chanh,Bữa tối
Ếch Xào Sả Lá Chanh,Bữa trưa
Canh Nghêu Bó Xôi,Bữa tối
Canh Nghêu Bó Xôi,Bữa trưa
Salad Nui,Bữa sáng
Salad Nui,Bữa tối
Salad Nui,Bữa trưa
Salad Nui,Món Âu
Gà Cuộn Rong Biển,Bữa tối
Gà Cuộn Rong Biển,Bữa trưa
Bánh Rau Củ Chiên Giòn,Bữa sáng
Bánh Rau Củ Chiên Giòn,Bữa tối
Bánh Rau Củ Chiên Giòn,Bữa trưa
Salad Gà Giòn,Bữa sáng
Salad Gà Giòn,Bữa tối
Salad Gà Giòn,Bữa trưa
Cuốn Rau Đậu Hũ,Bữa tối
Cuốn Rau Đậu Hũ,Bữa trưa
Cuốn Rau Đậu Hũ,Món chay
Cuốn Rau Đậu Hũ,Món chay
Sườn Non Ram Mè,Bữa trưa
Sườn Non Ram Mè,Bữa tối
Salad Táo Rau Mầm,Bữa tối
Salad Táo Rau Mầm,Bữa trưa
Salad Táo Rau Mầm,Món Âu
Đậu Kho Gừng,Bữa tối
Đậu Kho Gừng,Bữa trưa
Đậu Kho Gừng,Món chay
Canh Cá Hồi Nấu Nấm,Bữa trưa
Canh Cá Hồi Nấu Nấm,Bữa tối
Salad Tôm Dâu Tây Táo Đỏ,Bữa tối
Salad Tôm Dâu Tây Táo Đỏ,Bữa trưa
Salad Tôm Dâu Tây Táo Đỏ,Món Âu
Chả Giò Sứa,Bữa sáng
Chả Giò Sứa,Bữa tối
Chả Giò Sứa,Bữa trưa
Gân Bò Xào Sả Ớt,Bữa tối
Gân Bò Xào Sả Ớt,Bữa trưa
Gỏi Ổi Ốc Giác,Bữa tối
Gỏi Ổi Ốc Giác,Bữa trưa
Sườn Chiên Cay,Bữa tối
Sườn Chiên Cay,Bữa trưa
Cua Đồng Xúc Bánh Tráng,Bữa tối
Cua Đồng Xúc Bánh Tráng,Bữa trưa
Nghêu Hấp Vang Trắng,Bữa tối
Nghêu Hấp Vang Trắng,Bữa trưa
Canh Cải Xoăn,Bữa tối
Canh Cải Xoăn,Bữa trưa
Canh Cải Xoăn,Món Âu
Sườn Kho Quế Mật Ong,Bữa tối
Sườn Kho Quế Mật Ong,Bữa trưa
Cá Chim Chiên Giòn,Bữa tối
Cá Chim Chiên Giòn,Bữa trưa
Salad Bí Ngòi Nướng,Bữa tối
Salad Bí Ngòi Nướng,Bữa trưa
Salad Bí Ngòi Nướng,Món Âu
Bánh Há Cảo,Bữa sáng
Bánh Há Cảo,Bữa tối
Bánh Há Cảo,Bữa trưa
Bánh Há Cảo,Món chay
Miến Trộn Kiểu Thái,Bữa tối
Miến Trộn Kiểu Thái,Bữa trưa
Trứng Ốp La Ớt Chuông,Bữa tối
Trứng Ốp La Ớt Chuông,Bữa trưa
Bánh Mì Que Nướng Rau Củ,Bữa sáng
Bánh Mì Que Nướng Rau Củ,Bữa tối
Bánh Mì Que Nướng Rau Củ,Bữa trưa
Sushi Đậu Hũ,Bữa sáng
Sushi Đậu Hũ,Bữa tối
Sushi Đậu Hũ,Bữa trưa
Sushi Đậu Hũ,Món chay
Sushi Đậu Hũ,Món chay
Canh Bó Xôi Bò Viên,Bữa trưa
Canh Bó Xôi Bò Viên,Bữa tối
Sườn Tiềm Hoa Thanh Long,Bữa tối
Sườn Tiềm Hoa Thanh Long,Bữa trưa
Bánh Xèo Nhật Bản,Bữa tối
Bánh Xèo Nhật Bản,Bữa trưa
Khoai Lang Kho Rong Biển,Bữa tối
Khoai Lang Kho Rong Biển,Bữa trưa
Cá Hồi Chiên Mắm Dừa,Bữa tối
Cá Hồi Chiên Mắm Dừa,Bữa trưa
Chả Ốc Chiên,Bữa sáng
Chả Ốc Chiên,Bữa tối
Chả Ốc Chiên,Bữa trưa
Canh Cá Nấu Mẻ,Bữa tối
Canh Cá Nấu Mẻ,Bữa trưa
Bò Xào Khổ Qua Bắp Cải Tím,Bữa trưa
Bò Xào Khổ Qua Bắp Cải Tím,Bữa tối
Rau Củ Kho Mía,Bữa trưa
Rau Củ Kho Mía,Bữa tối
Rau Củ Kho Mía,Món chay
Miến Đậu Xanh Xào Thập Cẩm,Bữa tối
Miến Đậu Xanh Xào Thập Cẩm,Bữa trưa
Bánh Rán Xiên Que,Bữa sáng
Bánh Rán Xiên Que,Bữa tối
Bánh Rán Xiên Que,Bữa trưa
Gà Viên Xốt Cà Ri,Bữa tối
Gà Viên Xốt Cà Ri,Bữa trưa
Đậu Cove Xào Ba Rọi Xông Khói,Bữa tối
Đậu Cove Xào Ba Rọi Xông Khói,Bữa trưa
Canh Nấm Càng Cua,Bữa tối
Canh Nấm Càng Cua,Bữa trưa
Thịt Rang Gừng Lá Chanh,Bữa tối
Thịt Rang Gừng Lá Chanh,Bữa trưa
Gà Chiên Lá É,Bữa tối
Gà Chiên Lá É,Bữa trưa
Cá Rô Phi Chiên Xốt Cà,Bữa tối
Cá Rô Phi Chiên Xốt Cà,Bữa trưa
Vịt Rang Tỏi,Bữa tối
Vịt Rang Tỏi,Bữa trưa
Bánh Rán Thú Cưng,Bữa sáng
Bánh Rán Thú Cưng,Bữa tối
Bánh Rán Thú Cưng,Bữa trưa
Canh Hào Thanh Mát,Bữa tối
Canh Hào Thanh Mát,Bữa trưa
Đậu Hũ Xào Nấm,Bữa trưa
Đậu Hũ Xào Nấm,Bữa tối
Xôi Chay Ngũ Sắc,Bữa sáng
Xôi Chay Ngũ Sắc,Bữa tối
Xôi Chay Ngũ Sắc,Bữa trưa
Váng Đậu Cuộn Rau Củ Chiên,Bữa tối
Váng Đậu Cuộn Rau Củ Chiên,Bữa trưa
Váng Đậu Cuộn Rau Củ Chiên,Món chay
Váng Đậu Cuộn Rau Củ Chiên,Món chay
Thịt Quay Kho Cà Pháo,Bữa tối
Thịt Quay Kho Cà Pháo,Bữa trưa
Spagetty Xốt Vẹm,Bữa tối
Spagetty Xốt Vẹm,Bữa trưa
Spagetty Xốt Vẹm,Món Âu
Bún Mì Xào Tép,Bữa sáng
Bún Mì Xào Tép,Bữa tối
Bún Mì Xào Tép,Bữa trưa
Bún Củ Hủ Dừa Lá Chanh,Bữa tối
Bún Củ Hủ Dừa Lá Chanh,Bữa sáng
Bún Củ Hủ Dừa Lá Chanh,Bữa trưa
Rau Củ Luộc Xốt Nấm,Bữa tối
Rau Củ Luộc Xốt Nấm,Bữa trưa
Rau Củ Luộc Xốt Nấm,Món Âu
Gỏi Nấm Rau Mầm,Bữa tối
Gỏi Nấm Rau Mầm,Bữa trưa
Phèo Nướng Lá Hẹ,Bữa tối
Phèo Nướng Lá Hẹ,Bữa trưa
Nicoise Salad (Salad Trứng Cá Ngừ),Bữa tối
Nicoise Salad (Salad Trứng Cá Ngừ),Bữa trưa
Nicoise Salad (Salad Trứng Cá Ngừ),Món Âu
Thịt Kho Đậu Phộng,Bữa tối
Thịt Kho Đậu Phộng,Bữa trưa
Viên Đậu Hũ Xốt Nước Tương,Bữa trưa
Viên Đậu Hũ Xốt Nước Tương,Bữa tối
Viên Đậu Hũ Xốt Nước Tương,Món chay
Viên Đậu Hũ Xốt Nước Tương,Món chay
Tôm Chiên Ủ Rơm,Bữa tối
Tôm Chiên Ủ Rơm,Bữa trưa
Cá Chạch Kho Sả,Bữa tối
Cá Chạch Kho Sả,Bữa trưa
Salad Cá Mòi,Bữa tối
Salad Cá Mòi,Bữa trưa
Salad Cá Mòi,Món Âu
Cá Điêu Hồng Chiên Xốt Chanh Dây,Bữa tối
Cá Điêu Hồng Chiên Xốt Chanh Dây,Bữa trưa
Cá Điêu Hồng Chiên Xốt Chanh Dây,Món Âu
Cá Hồi Xốt Cà Ri Me,Bữa tối
Cá Hồi Xốt Cà Ri Me,Bữa trưa
Pizza Mì Sợi,Bữa tối
Pizza Mì Sợi,Bữa trưa
Pizza Mì Sợi,Món Âu
Sườn BBQ,Bữa tối
Sườn BBQ,Bữa trưa
Gà Xào Cay,Bữa tối
Gà Xào Cay,Bữa trưa
Sandwich Nướng Tôm,Bữa sáng
Sandwich Nướng Tôm,Bữa tối
Sandwich Nướng Tôm,Bữa trưa
Sandwich Nướng Tôm,Món Âu
Canh Tương Đậu,Bữa tối
Canh Tương Đậu,Bữa trưa
Gỏi Sứa Tiến Vua,Bữa tối
Gỏi Sứa Tiến Vua,Bữa trưa
Bí Đỏ Kho Rong Biển,Bữa tối
Bí Đỏ Kho Rong Biển,Bữa trưa
Bí Đỏ Kho Rong Biển,Món chay
Mực Xào Hoa Trứng,Bữa tối
Mực Xào Hoa Trứng,Bữa trưa
Cá Lưỡi Trâu Chiên Giòn,Bữa tối
Cá Lưỡi Trâu Chiên Giòn,Bữa trưa
Sườn Kho Củ Năng,Bữa tối
Sườn Kho Củ Năng,Bữa trưa
Canh Cua Đồng Rong Biển,Bữa trưa
Canh Cua Đồng Rong Biển,Bữa tối
Đu Đủ Trộn Gà Khìa,Bữa tối
Đu Đủ Trộn Gà Khìa,Bữa trưa
Viên Xôi Chiên,Bữa sáng
Viên Xôi Chiên,Bữa tối
Viên Xôi Chiên,Bữa trưa
Đọt Su Xào Tép,Bữa tối
Đọt Su Xào Tép,Bữa trưa
Bánh Tráng Cuốn Xốt Mayo,Bữa tối
Bánh Tráng Cuốn Xốt Mayo,Bữa trưa
Gà Nổ Muối,Bữa trưa
Gà Nổ Muối,Bữa tối
Nụ Bí Bọc Giò Sống,Bữa tối
Nụ Bí Bọc Giò Sống,Bữa trưa
Cua Xào Cay,Bữa trưa
Cua Xào Cay,Bữa tối
Khổ Qua Xào Chay,Bữa sáng
Khổ Qua Xào Chay,Bữa tối
Khổ Qua Xào Chay,Bữa trưa
Khổ Qua Xào Chay,Món chay
Gnocchi Khoai Tây Xào Bò,Bữa tối
Gnocchi Khoai Tây Xào Bò,Bữa trưa
Gnocchi Khoai Tây Xào Bò,Món Âu
Canh Rau Củ Ba Rọi Xông Khói,Bữa tối
Canh Rau Củ Ba Rọi Xông Khói,Bữa trưa
Canh Rau Củ Ba Rọi Xông Khói,Món Âu
Canh Chua Hải Sản,Bữa tối
Canh Chua Hải Sản,Bữa trưa
Cá Lóc Đồng Kho Nghệ,Bữa tối
Cá Lóc Đồng Kho Nghệ,Bữa trưa
Bánh Rán Vị Chanh,Bữa sáng
Bánh Rán Vị Chanh,Bữa tối
Bánh Rán Vị Chanh,Bữa trưa
Phở Xào,Bữa sáng
Phở Xào,Bữa tối
Phở Xào,Bữa trưa
Bánh Canh Cá Lóc,Bữa sáng
Bánh Canh Cá Lóc,Bữa tối
Bánh Canh Cá Lóc,Bữa trưa
Dồi Trường Xào Bắp Cải Tím,Bữa tối
Dồi Trường Xào Bắp Cải Tím,Bữa trưa
Gỏi Ếch Rau Rừng,Bữa trưa
Gỏi Ếch Rau Rừng,Bữa tối
Bí Đỏ Hấp Hải Sản,Bữa tối
Bí Đỏ Hấp Hải Sản,Bữa sáng
Bí Đỏ Hấp Hải Sản,Bữa trưa
Canh Cà Chua Thịt Bò,Bữa tối
Canh Cà Chua Thịt Bò,Bữa trưa
Mít Non Om Nước Cốt Dừa,Bữa trưa
Mít Non Om Nước Cốt Dừa,Bữa tối
Cơm Chiên Nấm Mặn,Bữa tối
Cơm Chiên Nấm Mặn,Bữa trưa
Gỏi Bưởi Chay,Bữa sáng
Gỏi Bưởi Chay,Bữa tối
Gỏi Bưởi Chay,Bữa trưa
Gỏi Bưởi Chay,Món chay
"Cá Cơm, Bắp Chiên Phô Mai",Bữa sáng
"Cá Cơm, Bắp Chiên Phô Mai",Bữa tối
"Cá Cơm, Bắp Chiên Phô Mai",Bữa trưa
Bao Tử Kho Xốt Cay,Bữa trưa
Bao Tử Kho Xốt Cay,Bữa tối
Bún Gạo Xào Rau Củ,Bữa sáng
Bún Gạo Xào Rau Củ,Bữa tối
Bún Gạo Xào Rau Củ,Bữa trưa
Tôm Thịt Xào Mắm Ruốc,Bữa tối
Tôm Thịt Xào Mắm Ruốc,Bữa trưa
Gà Kho Rau Củ,Bữa tối
Gà Kho Rau Củ,Bữa trưa
Lẩu Nhúng Cay,Bữa tối
Lẩu Nhúng Cay,Bữa trưa
Gà Xào Cà Ri,Bữa tối
Gà Xào Cà Ri,Bữa trưa
Cá Rô Kho Cà Na,Bữa trưa
Cá Rô Kho Cà Na,Bữa tối
Salad Thịt Bò Chiên,Bữa sáng
Salad Thịt Bò Chiên,Bữa tối
Salad Thịt Bò Chiên,Bữa trưa
Salad Thịt Bò Chiên,Món Âu
Lẩu Khoai Mỡ,Bữa tối
Lẩu Khoai Mỡ,Bữa trưa
Cá Nướng Mù Tạt,Bữa tối
Cá Nướng Mù Tạt,Bữa trưa
Gỏi Xoài Cá Cơm Chiên,Bữa tối
Gỏi Xoài Cá Cơm Chiên,Bữa trưa
Cá Chuồn Kho Mít Non,Bữa tối
Cá Chuồn Kho Mít Non,Bữa trưa
Thịt Ba Rọi Nướng Lá Chanh,Bữa trưa
Thịt Ba Rọi Nướng Lá Chanh,Bữa tối
Chả Giò Ngũ Vị,Bữa tối
Chả Giò Ngũ Vị,Bữa trưa
Bò Cuộn Rau Củ,Bữa tối
Bò Cuộn Rau Củ,Bữa trưa
Canh Rau Má Khoai Lang,Bữa sáng
Canh Rau Má Khoai Lang,Bữa tối
Canh Rau Má Khoai Lang,Bữa trưa
Cá Kèo Chiên Chấm Tương Bần,Bữa tối
Cá Kèo Chiên Chấm Tương Bần,Bữa trưa
Canh Đọt Khổ Qua Rừng Tôm Thả,Bữa sáng
Canh Đọt Khổ Qua Rừng Tôm Thả,Bữa tối
Canh Đọt Khổ Qua Rừng Tôm Thả,Bữa trưa
Cá Cuốn Tôm Chiên Xốt Quả Bơ,Bữa tối
Cá Cuốn Tôm Chiên Xốt Quả Bơ,Bữa trưa
Canh Rong Biển Thịt Bò,Bữa sáng
Canh Rong Biển Thịt Bò,Bữa tối
Canh Rong Biển Thịt Bò,Bữa trưa
Gỏi Bò Rau Mầm,Bữa sáng
Gỏi Bò Rau Mầm,Bữa tối
Gỏi Bò Rau Mầm,Bữa trưa
Bắp Bò Kho Thơm,Bữa tối
Bắp Bò Kho Thơm,Bữa trưa
Chân Giò Kho Tương Sả,Bữa trưa
Chân Giò Kho Tương Sả,Bữa tối
Khổ Qua Chiên Me Cay,Bữa trưa
Khổ Qua Chiên Me Cay,Bữa tối
Miến Xào Hến Xốt Me,Bữa tối
Miến Xào Hến Xốt Me,Bữa trưa
Cá Rô Phi Kho Lá Lốt,Bữa tối
Cá Rô Phi Kho Lá Lốt,Bữa trưa
Canh Chua Cá Củ Thì Là,Bữa tối
Canh Chua Cá Củ Thì Là,Bữa trưa
Salad Đậu Cay,Bữa sáng
Salad Đậu Cay,Bữa tối
Salad Đậu Cay,Bữa trưa
Salad Đậu Cay,Món Âu
Canh Chua Gà Bông So Đũa,Bữa tối
Canh Chua Gà Bông So Đũa,Bữa trưa
Mì Soba Xào Kiểu Nhật,Bữa tối
Mì Soba Xào Kiểu Nhật,Bữa trưa
Bánh Khoai Tây Chiên Xù,Bữa sáng
Bánh Khoai Tây Chiên Xù,Bữa tối
Bánh Khoai Tây Chiên Xù,Bữa trưa
Bánh Khoai Tây Chiên Xù,Món Âu
Mì Căn Nhồi Rô Ti,Bữa tối
Mì Căn Nhồi Rô Ti,Bữa trưa
Bò Kho Khoai Sọ,Bữa trưa
Bò Kho Khoai Sọ,Bữa tối
Thăn Bò Nướng,Bữa tối
Thăn Bò Nướng,Bữa trưa
Bò Xào Nấm Mỡ,Bữa tối
Bò Xào Nấm Mỡ,Bữa trưa
Bánh Tráng Cuộn Rau Rừng,Bữa tối
Bánh Tráng Cuộn Rau Rừng,Bữa trưa
Bánh Qui Chay Tam Sắc,Bữa tối
Bánh Qui Chay Tam Sắc,Bữa trưa
Bánh Qui Chay Tam Sắc,Món chay
Gà Hầm Tứ Quý,Bữa trưa
Gà Hầm Tứ Quý,Bữa tối
Lẩu Bò Chua Cay,Bữa trưa
Lẩu Bò Chua Cay,Bữa tối
Cá Nục Chiên Xốt Mè Wasabi,Bữa trưa
Cá Nục Chiên Xốt Mè Wasabi,Bữa tối
Rau Củ Xào Thịt Cua,Bữa trưa
Rau Củ Xào Thịt Cua,Bữa tối
Cá Bớp Chiên Giòn Xốt Chanh,Bữa trưa
Cá Bớp Chiên Giòn Xốt Chanh,Bữa tối
Salad Romain Tôm Chiên,Bữa sáng
Salad Romain Tôm Chiên,Bữa trưa
Salad Romain Tôm Chiên,Bữa tối
Salad Romain Tôm Chiên,Món Âu
Canh Cua Rau Nhút,Bữa sáng
Canh Cua Rau Nhút,Bữa trưa
Canh Cua Rau Nhút,Bữa tối
Cá Lăng Kho Chuối Và Tai Chua,Bữa trưa
Cá Lăng Kho Chuối Và Tai Chua,Bữa tối
Nấm Đùi Gà Kho Măng Tây,Bữa trưa
Nấm Đùi Gà Kho Măng Tây,Bữa tối
Mực Nhồi Gạo Lức Rim,Bữa trưa
Mực Nhồi Gạo Lức Rim,Bữa tối
Salad Cá Hồi,Bữa trưa
Salad Cá Hồi,Bữa tối
Salad Cá Hồi,Món Âu
Mì Linguine Xào Tôm Bắp,Bữa trưa
Mì Linguine Xào Tôm Bắp,Bữa tối
Mì Linguine Xào Tôm Bắp,Món Âu
Bánh Bí Đỏ Tôm Thịt,Bữa sáng
Bánh Bí Đỏ Tôm Thịt,Bữa tối
Bánh Bí Đỏ Tôm Thịt,Bữa trưa
Bánh Bí Đỏ Tôm Thịt,Món Âu
Cá Nướng Xốt Mayo Khoai Tây,Bữa trưa
Cá Nướng Xốt Mayo Khoai Tây,Bữa tối
Gà Quay Xốt Hành Tăm,Bữa trưa
Gà Quay Xốt Hành Tăm,Bữa tối
Lẩu Gà Hành Cần,Bữa trưa
Lẩu Gà Hành Cần,Bữa tối
Tai Heo Kho Cải Chua,Bữa trưa
Tai Heo Kho Cải Chua,Bữa tối
Chân Giò Cuộn Hầm Sâm,Bữa sáng
Chân Giò Cuộn Hầm Sâm,Bữa trưa
Chân Giò Cuộn Hầm Sâm,Bữa tối
Sườn Non Om Chuối,Bữa trưa
Sườn Non Om Chuối,Bữa tối
Cuốn Vịt Mắm Sả,Bữa trưa
Cuốn Vịt Mắm Sả,Bữa tối
Thịt Lăn Mè,Bữa trưa
Thịt Lăn Mè,Bữa tối
Tôm Mực Xào Tiêu Xanh,Bữa trưa
Tôm Mực Xào Tiêu Xanh,Bữa tối
Cháo Hàu Sữa Đậu Xanh,Bữa sáng
Cháo Hàu Sữa Đậu Xanh,Bữa trưa
Cháo Hàu Sữa Đậu Xanh,Bữa tối
Chả Tôm Thịt Mắc Khén,Bữa trưa
Chả Tôm Thịt Mắc Khén,Bữa tối
Đuôi Heo Nướng Chao,Bữa trưa
Đuôi Heo Nướng Chao,Bữa tối
Canh Thính Đu Đủ,Bữa trưa
Canh Thính Đu Đủ,Bữa tối
Salad Tôm Và Thịt Hun Khói,Bữa sáng
Salad Tôm Và Thịt Hun Khói,Bữa trưa
Salad Tôm Và Thịt Hun Khói,Bữa tối
Salad Tôm Và Thịt Hun Khói,Món Âu
Mì Soba Xào Bạch Tuộc,Bữa trưa
Mì Soba Xào Bạch Tuộc,Bữa tối
Canh Gà Hạt Lựu,Bữa trưa
Canh Gà Hạt Lựu,Bữa tối
Cuốn Cá Lóc Xốt Đậu Phộng,Bữa trưa
Cuốn Cá Lóc Xốt Đậu Phộng,Bữa tối
Cuốn Cá Lóc Xốt Đậu Phộng,Bữa sáng
Mì Spaghetti Xốt Chay,Bữa sáng
Mì Spaghetti Xốt Chay,Bữa trưa
Mì Spaghetti Xốt Chay,Bữa tối
Mì Spaghetti Xốt Chay,Món Âu
Mì Spaghetti Xốt Chay,Món chay
Ếch Xào Chua Ngọt,Bữa trưa
Ếch Xào Chua Ngọt,Bữa tối
Salad Cá Chiên Giòn,Bữa sáng
Salad Cá Chiên Giòn,Bữa trưa
Salad Cá Chiên Giòn,Bữa tối
Salad Cá Chiên Giòn,Món Âu
Canh Bông Bí Nấm Kim Châm,Bữa trưa
Canh Bông Bí Nấm Kim Châm,Bữa tối
Cà Tím Áp Chảo Xốt Cay,Bữa trưa
Cà Tím Áp Chảo Xốt Cay,Bữa tối
Cà Tím Áp Chảo Xốt Cay,Món chay
Măng Trúc Kho Ruốc Huế,Bữa trưa
Măng Trúc Kho Ruốc Huế,Bữa tối
Mực Nhồi Tôm Chiên Hạnh Nhân,Bữa sáng
Mực Nhồi Tôm Chiên Hạnh Nhân,Bữa trưa
Mực Nhồi Tôm Chiên Hạnh Nhân,Bữa tối
Mực Nhồi Tôm Chiên Hạnh Nhân,Món Âu
Bí Đỏ Xào Thịt Xông Khói,Bữa trưa
Bí Đỏ Xào Thịt Xông Khói,Bữa tối
Bí Đỏ Xào Thịt Xông Khói,Món Âu
Sườn Nướng Lá Hương Thảo,Bữa trưa
Sườn Nướng Lá Hương Thảo,Bữa tối
Gà Xào Nước Tương,Bữa trưa
Gà Xào Nước Tương,Bữa tối
Sườn Nấu Cá Mòi,Bữa trưa
Sườn Nấu Cá Mòi,Bữa tối
Canh Cải Gói Thịt Gà Nấm Hương,Bữa sáng
Canh Cải Gói Thịt Gà Nấm Hương,Bữa trưa
Canh Cải Gói Thịt Gà Nấm Hương,Bữa tối
Mì Cay Chay,Bữa trưa
Mì Cay Chay,Bữa tối
Mì Cay Chay,Món chay
Mì Cay Chay,Món chay
Cá Điêu Hồng Kho Tương Hột,Bữa trưa
Cá Điêu Hồng Kho Tương Hột,Bữa tối
Canh Chua Tôm Cà Ri,Bữa trưa
Canh Chua Tôm Cà Ri,Bữa tối
Cá Tẩm Bột Cay Chiên Giòn,Bữa sáng
Cá Tẩm Bột Cay Chiên Giòn,Bữa trưa
Cá Tẩm Bột Cay Chiên Giòn,Bữa tối
Dimsum Hải Sản,Bữa trưa
Dimsum Hải Sản,Bữa tối
Mì Quảng Xào Lươn,Bữa sáng
Mì Quảng Xào Lươn,Bữa trưa
Mì Quảng Xào Lươn,Bữa tối
Tai Heo Thấu Chua,Bữa trưa
Tai Heo Thấu Chua,Bữa tối
Cá Hồi Kho Nước Tương,Bữa trưa
Cá Hồi Kho Nước Tương,Bữa tối
Thịt Ba Chỉ Kho Mơ,Bữa trưa
Thịt Ba Chỉ Kho Mơ,Bữa tối
Gà Nướng Xí Muội,Bữa trưa
Gà Nướng Xí Muội,Bữa tối
Thịt Bê Xào Cải Rổ,Bữa trưa
Thịt Bê Xào Cải Rổ,Bữa tối
Cá Kèo Kho Kim Chi Củ Cải,Bữa trưa
Cá Kèo Kho Kim Chi Củ Cải,Bữa tối
Chả Cá Chiên Bánh Tráng,Bữa trưa
Chả Cá Chiên Bánh Tráng,Bữa tối
Bò Áp Chảo Chanh Dây,Bữa trưa
Bò Áp Chảo Chanh Dây,Bữa tối
Bò Áp Chảo Chanh Dây,Món Âu
Đu Đủ Hường Xào Tôm Đất,Bữa trưa
Đu Đủ Hường Xào Tôm Đất,Bữa tối
Nghêu Kho Gừng,Bữa trưa
Nghêu Kho Gừng,Bữa tối
Canh Đu Đủ Viên Cua,Bữa trưa
Canh Đu Đủ Viên Cua,Bữa tối
Bánh Tart Thập Cẩm,Bữa sáng
Bánh Tart Thập Cẩm,Bữa trưa
Bánh Tart Thập Cẩm,Bữa tối
Xúc Xích Ếch,Bữa sáng
Xúc Xích Ếch,Bữa trưa
Xúc Xích Ếch,Bữa tối
Bánh Ướt Xá Xíu Áp Chảo,Bữa sáng
Bánh Ướt Xá Xíu Áp Chảo,Bữa trưa
Bánh Ướt Xá Xíu Áp Chảo,Bữa tối
Giò Heo Um Nước Cốt Dừa,Bữa trưa
Giò Heo Um Nước Cốt Dừa,Bữa tối
Canh Cà Chua Nấu Đậu,Bữa trưa
Canh Cà Chua Nấu Đậu,Bữa tối
Thanh Gà Chiên Xốt Cay,Bữa trưa
Thanh Gà Chiên Xốt Cay,Bữa tối
Gỏi Bò Rau Càng Cua,Bữa trưa
Gỏi Bò Rau Càng Cua,Bữa tối
Ếch Chiên Ngũ Vị,Bữa trưa
Ếch Chiên Ngũ Vị,Bữa tối
Bánh Hành Tóp Mỡ,Bữa trưa
Bánh Hành Tóp Mỡ,Bữa tối
Lẩu Cháo Chùm Ngây,Bữa trưa
Lẩu Cháo Chùm Ngây,Bữa tối
Lẩu Cháo Chùm Ngây,Món chay
Cà Ri Hải Sản,Bữa trưa
Cà Ri Hải Sản,Bữa tối
Dồi Trường Xào Chua Cay,Bữa trưa
Dồi Trường Xào Chua Cay,Bữa tối
Gà Nướng Chảo,Bữa trưa
Gà Nướng Chảo,Bữa tối
Lẩu Cá Hồng Nhúng Giấm,Bữa tối
Lẩu Cá Hồng Nhúng Giấm,Bữa trưa
Đà Điểu Xốt Trái Cây,Bữa tối
Đà Điểu Xốt Trái Cây,Bữa trưa
Đà Điểu Xốt Trái Cây,Món Âu
Gỏi Sò Lông,Bữa tối
Gỏi Sò Lông,Bữa trưa
Trứng Đúc Nấm Rơm,Bữa trưa
Trứng Đúc Nấm Rơm,Bữa tối
Canh Dưa Hường Tôm Viên,Bữa tối
Canh Dưa Hường Tôm Viên,Bữa trưa
Lẩu Gà Tứ Xuyên,Bữa tối
Lẩu Gà Tứ Xuyên,Bữa trưa
Mì Áp Chảo Thịt Heo,Bữa tối
Mì Áp Chảo Thịt Heo,Bữa trưa
Gà Quay Xốt Kem Nấm,Bữa tối
Gà Quay Xốt Kem Nấm,Bữa trưa
Gà Quay Xốt Kem Nấm,Món Âu
Hamburger Bí Đỏ,Bữa sáng
Hamburger Bí Đỏ,Bữa tối
Hamburger Bí Đỏ,Bữa trưa
Hamburger Bí Đỏ,Món Âu
Ngọc Mực Xóc Tỏi,Bữa trưa
Ngọc Mực Xóc Tỏi,Bữa tối
Canh Gân Bò Cải Chua,Bữa sáng
Canh Gân Bò Cải Chua,Bữa tối
Canh Gân Bò Cải Chua,Bữa trưa
Bồn Bồn Xào Tôm,Bữa tối
Bồn Bồn Xào Tôm,Bữa trưa
Bao Tử Cá Kho Tiêu,Bữa trưa
Bao Tử Cá Kho Tiêu,Bữa tối
Xôi Tôm Củ Sen,Bữa sáng
Xôi Tôm Củ Sen,Bữa tối
Xôi Tôm Củ Sen,Bữa trưa
Đậu Hủ Bách Hoa Xốt Thịt Cua,Bữa tối
Đậu Hủ Bách Hoa Xốt Thịt Cua,Bữa trưa
Sườn Kinh Đô,Bữa trưa
Sườn Kinh Đô,Bữa tối
Gà Nướng Xiên Xốt Đậu Phộng,Bữa tối
Gà Nướng Xiên Xốt Đậu Phộng,Bữa trưa
Gà Nướng Xiên Xốt Đậu Phộng,Món Âu
Cá Trắm Kho Khế,Bữa tối
Cá Trắm Kho Khế,Bữa trưa
Udon Thịt Xíu,Bữa sáng
Udon Thịt Xíu,Bữa tối
Udon Thịt Xíu,Bữa trưa
Sakê Bột Chiên,Bữa sáng
Sakê Bột Chiên,Bữa tối
Sakê Bột Chiên,Bữa trưa
Vịt Nướng Nước Cốt Dừa,Bữa trưa
Vịt Nướng Nước Cốt Dừa,Bữa tối
Cuộn Hành Hoa,Bữa tối
Cuộn Hành Hoa,Bữa trưa
Lẩu Cá Chẽm Đậu Hũ Non,Bữa tối
Lẩu Cá Chẽm Đậu Hũ Non,Bữa trưa
Mề Gà Kho Thơm,Bữa trưa
Mề Gà Kho Thơm,Bữa tối
Canh Thơm Cá Ngừ,Bữa tối
Canh Thơm Cá Ngừ,Bữa trưa
Salad Trái Tim,Bữa sáng
Salad Trái Tim,Bữa tối
Salad Trái Tim,Bữa trưa
Salad Trái Tim,Món Âu
Mì Xào Xá Xíu,Bữa tối
Mì Xào Xá Xíu,Bữa trưa
Cánh Gà Chiên Ngũ Cốc,Bữa trưa
Cánh Gà Chiên Ngũ Cốc,Bữa tối
Cơm Hến Trộn,Bữa tối
Cơm Hến Trộn,Bữa trưa
Cá Lăng Kho Nghệ,Bữa trưa
Cá Lăng Kho Nghệ,Bữa tối
Bắp Bò Xào Xốt Tiêu Xanh,Bữa trưa
Bắp Bò Xào Xốt Tiêu Xanh,Bữa tối
Bánh Xếp Chay,Bữa sáng
Bánh Xếp Chay,Bữa tối
Bánh Xếp Chay,Bữa trưa
Bánh Xếp Chay,Món chay
Bánh Xếp Chay,Món chay
Bún Cua Lưỡi Heo,Bữa sáng
Bún Cua Lưỡi Heo,Bữa tối
Bún Cua Lưỡi Heo,Bữa trưa
Teriyaki Cá Hồi,Bữa tối
Teriyaki Cá Hồi,Bữa trưa
Tàu Hũ Ki Cuộn Tôm,Bữa sáng
Tàu Hũ Ki Cuộn Tôm,Bữa tối
Tàu Hũ Ki Cuộn Tôm,Bữa trưa
Bò Tiềm Trái Dừa,Bữa tối
Bò Tiềm Trái Dừa,Bữa trưa
Bánh Giò Trứng Cút,Bữa tối
Bánh Giò Trứng Cút,Bữa sáng
Bánh Giò Trứng Cút,Bữa trưa
Gỏi Tôm Rau Câu,Bữa tối
Gỏi Tôm Rau Câu,Bữa trưa
Canh Gà Măng Chua,Bữa trưa
Canh Gà Măng Chua,Bữa tối
Bánh Bông Lan Trứng Muối,Bữa sáng
Bánh Bông Lan Trứng Muối,Bữa tối
Bánh Bông Lan Trứng Muối,Bữa trưa
Bí Nhồi Thịt Kho,Bữa tối
Bí Nhồi Thịt Kho,Bữa trưa
Gà Lên Mâm,Bữa tối
Gà Lên Mâm,Bữa trưa
Salad Bắp Nướng,Bữa sáng
Salad Bắp Nướng,Bữa tối
Salad Bắp Nướng,Bữa trưa
Salad Bắp Nướng,Món Âu
Giò Heo Da Giòn,Bữa tối
Giò Heo Da Giòn,Bữa trưa
Hủ Tiếu Mực,Bữa trưa
Hủ Tiếu Mực,Bữa tối
Gà Kho Nghệ Chua Cay,Bữa trưa
Gà Kho Nghệ Chua Cay,Bữa tối
Cá Lăng Nướng Thì Là,Bữa tối
Cá Lăng Nướng Thì Là,Bữa trưa
Kho Quẹt Chay,Bữa tối
Kho Quẹt Chay,Bữa trưa
Kho Quẹt Chay,Món chay
Kho Quẹt Chay,Món chay
Bò Nấu Trái Cây,Bữa tối
Bò Nấu Trái Cây,Bữa trưa
Bò Nấu Trái Cây,Món Âu
Chả Mực Bắp Áp Chảo,Bữa trưa
Chả Mực Bắp Áp Chảo,Bữa tối
Mì Căn Xào Sả Ớt,Bữa tối
Mì Căn Xào Sả Ớt,Bữa trưa
Mì Căn Xào Sả Ớt,Món chay
Đà Điểu Xào Lá Cách,Bữa tối
Đà Điểu Xào Lá Cách,Bữa trưa
Đà Điểu Xào Lá Cách,Món Âu
Phá Lấu Thịt Bê,Bữa tối
Phá Lấu Thịt Bê,Bữa trưa
Lẩu Ốc Thả,Bữa tối
Lẩu Ốc Thả,Bữa trưa
Lươn Nướng Lá Dứa,Bữa tối
Lươn Nướng Lá Dứa,Bữa trưa
Canh Ghẹ Húng Quế,Bữa sáng
Canh Ghẹ Húng Quế,Bữa tối
Canh Ghẹ Húng Quế,Bữa trưa
Măng Tây Xào Tôm,Bữa tối
Măng Tây Xào Tôm,Bữa trưa
Măng Tây Xào Tôm,Món Âu
Bắp Bò Xào Sả Ớt Cơm Cháy,Bữa trưa
Bắp Bò Xào Sả Ớt Cơm Cháy,Bữa tối
Bánh Mì Hấp Bì Chay,Bữa sáng
Bánh Mì Hấp Bì Chay,Bữa tối
Bánh Mì Hấp Bì Chay,Bữa trưa
Bánh Mì Hấp Bì Chay,Món chay
Cá Lăng Kho Cà Bi,Bữa trưa
Cá Lăng Kho Cà Bi,Bữa tối
Hàu Nướng Lá Hương Thảo,Bữa tối
Gà Rang Muối,Bữa tối
Gà Rang Muối,Bữa trưa
Canh Cá Lóc Lá Giang,Bữa tối
Canh Cá Lóc Lá Giang,Bữa trưa
Gỏi Lá Cóc,Bữa tối
Gỏi Lá Cóc,Bữa trưa
Lẩu Bò,Bữa tối
Lẩu Bò,Bữa trưa
Canh Mực Nấu Nước Dừa,Bữa tối
Canh Mực Nấu Nước Dừa,Bữa trưa
Salad Cá Hồi Húng Quế,Bữa tối
Salad Cá Hồi Húng Quế,Bữa trưa
Vịt Kho Củ Hũ Dừa,Bữa trưa
Vịt Kho Củ Hũ Dừa,Bữa tối
Bì Bún Chay,Bữa sáng
Bì Bún Chay,Bữa tối
Bì Bún Chay,Bữa trưa
Bì Bún Chay,Món chay
Mực Xáo Nước Cốt Dừa,Bữa tối
Mực Xáo Nước Cốt Dừa,Bữa trưa
Tôm Xốt Cocktail,Bữa tối
Tôm Xốt Cocktail,Bữa trưa
Tôm Xốt Cocktail,Món Âu
Gà Nấu Nước Tương,Bữa tối
Gà Nấu Nước Tương,Bữa trưa
Gỏi Khoai Môn Chiên Giòn,Bữa trưa
Gỏi Khoai Môn Chiên Giòn,Bữa tối
Tôm Chiên Rong Biển,Bữa tối
Tôm Chiên Rong Biển,Bữa trưa
Cơm Rau Củ Nấm Hương,Bữa sáng
Cơm Rau Củ Nấm Hương,Bữa tối
Cơm Rau Củ Nấm Hương,Bữa trưa
Cơm Gà Xối Mỡ,Bữa tối
Cơm Gà Xối Mỡ,Bữa trưa
Nộm Gà Chay Hoa Chuối,Bữa tối
Nộm Gà Chay Hoa Chuối,Bữa trưa
Nộm Gà Chay Hoa Chuối,Món chay
Lẩu Đầu Cá Bớp Rau Kèo Nèo,Bữa tối
Lẩu Đầu Cá Bớp Rau Kèo Nèo,Bữa trưa
Nghêu Xào Lá Khổ Qua,Bữa trưa
Nghêu Xào Lá Khổ Qua,Bữa tối
Giò Hoa Rong Biển,Bữa trưa
Giò Hoa Rong Biển,Bữa tối
Lẩu Cá Cờ,Bữa tối
Lẩu Cá Cờ,Bữa trưa
Cuốn Rau Rừng Thịt Khìa Chay,Bữa tối
Cuốn Rau Rừng Thịt Khìa Chay,Bữa trưa
Cuốn Rau Rừng Thịt Khìa Chay,Món chay
Giò Heo Hầm Tứ Quý,Bữa tối
Giò Heo Hầm Tứ Quý,Bữa trưa
Hoành Thánh Nhân Đậu Chiên,Bữa tối
Hoành Thánh Nhân Đậu Chiên,Bữa trưa
Cá Chim Kho Gừng Ớt,Bữa trưa
Cá Chim Kho Gừng Ớt,Bữa tối
Cá Nướng Cà Ri,Bữa tối
Cá Nướng Cà Ri,Bữa trưa
Lẩu Kim Chi,Bữa tối
Lẩu Kim Chi,Bữa trưa
Sò Lông Xào Chua Ngọt,Bữa tối
Sò Lông Xào Chua Ngọt,Bữa trưa
Mực Xào Nấm Hương,Bữa tối
Mực Xào Nấm Hương,Bữa trưa
Thịt Kho Hạt Dẻ,Bữa tối
Thịt Kho Hạt Dẻ,Bữa trưa
Gà Nướng Lá Húng Lủi,Bữa tối
Gà Nướng Lá Húng Lủi,Bữa trưa
Đuôi Bò Hầm Hoa Atiso,Bữa tối
Đuôi Bò Hầm Hoa Atiso,Bữa trưa
Mỳ Ý Xốt Kem,Bữa sáng
Mỳ Ý Xốt Kem,Bữa tối
Mỳ Ý Xốt Kem,Bữa trưa
Mỳ Ý Xốt Kem,Món Âu
Canh Ba Rọi Cuộn Nấm,Bữa tối
Canh Ba Rọi Cuộn Nấm,Bữa trưa
Ragu Bò,Bữa sáng
Ragu Bò,Bữa tối
Ragu Bò,Bữa trưa
Ragu Bò,Món Âu
Cánh Gà Nhồi Sả Chiên Xốt Me,Bữa tối
Cánh Gà Nhồi Sả Chiên Xốt Me,Bữa trưa
Bánh Cóng,Bữa sáng
Bánh Cóng,Bữa tối
Bánh Cóng,Bữa trưa
Trứng Chiên Ngải Cứu,Bữa tối
Trứng Chiên Ngải Cứu,Bữa trưa
Cuốn Tàu Hũ Ky Xốt Tiêu,Bữa sáng
Cuốn Tàu Hũ Ky Xốt Tiêu,Bữa tối
Cuốn Tàu Hũ Ky Xốt Tiêu,Bữa trưa
Cuốn Tàu Hũ Ky Xốt Tiêu,Món chay
Cuốn Tàu Hũ Ky Xốt Tiêu,Món chay
Cá Viên Chiên Mè,Bữa tối
Cá Viên Chiên Mè,Bữa trưa
Bánh Đa Xào Hải Sản,Bữa tối
Bánh Đa Xào Hải Sản,Bữa trưa
Gà Hấp Lá Sen,Bữa tối
Gà Hấp Lá Sen,Bữa trưa
Mì Tương Đen,Bữa tối
Mì Tương Đen,Bữa sáng
Mì Tương Đen,Bữa trưa
Cơm Chiên Thịt Bò Và Phô Mai,Bữa tối
Cơm Chiên Thịt Bò Và Phô Mai,Bữa trưa
Đùi Gà Mật Ong,Bữa sáng
Đùi Gà Mật Ong,Bữa tối
Đùi Gà Mật Ong,Bữa trưa
Nộm Bì,Bữa tối
Nộm Bì,Bữa trưa
Mì Vịt Tiềm Chay,Bữa sáng
Mì Vịt Tiềm Chay,Bữa tối
Mì Vịt Tiềm Chay,Bữa trưa
Mì Vịt Tiềm Chay,Món chay
Mì Vịt Tiềm Chay,Món chay
Chả Cá Lã Vọng,Bữa tối
Chả Cá Lã Vọng,Bữa trưa
Lẩu Bắp Bò Tôm Chua,Bữa trưa
Lẩu Bắp Bò Tôm Chua,Bữa tối
Gà Tiềm Chôm Chôm,Bữa trưa
Gà Tiềm Chôm Chôm,Bữa tối
Chả Trứng Hấp,Bữa sáng
Chả Trứng Hấp,Bữa tối
Chả Trứng Hấp,Bữa trưa
Gỏi Ngó Sen Tôm Thịt,Bữa tối
Gỏi Ngó Sen Tôm Thịt,Bữa trưa
Phở Bò,Bữa sáng
Phở Bò,Bữa tối
Phở Bò,Bữa trưa
Chân Giò Nấu Nước Tương,Bữa tối
Chân Giò Nấu Nước Tương,Bữa trưa
Lẩu Gà Ớt Hiểm,Bữa tối
Lẩu Gà Ớt Hiểm,Bữa trưa
Gan Heo Xào Chua Ngọt,Bữa tối
Gan Heo Xào Chua Ngọt,Bữa trưa
Sò Huyết Xào Tỏi,Bữa trưa
Sò Huyết Xào Tỏi,Bữa tối
Bò Né Chay,Bữa sáng
Bò Né Chay,Bữa tối
Bò Né Chay,Bữa trưa
Bò Né Chay,Món chay
Bò Né Chay,Món chay
Lẩu Cá Bớp,Bữa tối
Lẩu Cá Bớp,Bữa trưa
Nem Nướng,Bữa sáng
Nem Nướng,Bữa tối
Nem Nướng,Bữa trưa
Bánh Bao Chiên,Bữa sáng
Bánh Bao Chiên,Bữa tối
Bánh Bao Chiên,Bữa trưa
Đùi Ếch Xé Phay,Bữa sáng
Đùi Ếch Xé Phay,Bữa tối
Đùi Ếch Xé Phay,Bữa trưa
Xáo Lòng,Bữa trưa
Xáo Lòng,Bữa tối
Heo Quay Hon,Bữa tối
Heo Quay Hon,Bữa trưa
Gà Cuộn Cải Bó Xôi Đút Lò,Bữa tối
Gà Cuộn Cải Bó Xôi Đút Lò,Bữa trưa
Xà Lách Trứng,Bữa sáng
Xà Lách Trứng,Bữa tối
Xà Lách Trứng,Bữa trưa
Cá Hấp Củ Sen,Bữa tối
Cá Hấp Củ Sen,Bữa trưa
Thịt Bò Chiên Mắm Bò Hóc,Bữa tối
Thịt Bò Chiên Mắm Bò Hóc,Bữa trưa
Canh Lươn Hầm Cải Chua,Bữa tối
Canh Lươn Hầm Cải Chua,Bữa trưa
Chả Giò Rong Biển,Bữa sáng
Chả Giò Rong Biển,Bữa tối
Chả Giò Rong Biển,Bữa trưa
Tôm Xào Tàu Xì,Bữa tối
Tôm Xào Tàu Xì,Bữa trưa
Phở Chay,Bữa sáng
Phở Chay,Bữa tối
Phở Chay,Bữa trưa
Phở Chay,Món chay
Phở Chay,Món chay
Cá Nục Hấp Cuốn Cải Xanh,Bữa tối
Cá Nục Hấp Cuốn Cải Xanh,Bữa trưa
Bò Nấu Pate Tiêu Xanh,Bữa sáng
Bò Nấu Pate Tiêu Xanh,Bữa tối
Bò Nấu Pate Tiêu Xanh,Bữa trưa
Tôm Xào Bông So Đũa,Bữa tối
Tôm Xào Bông So Đũa,Bữa trưa
Cải Rổ Xào Tỏi,Bữa sáng
Cải Rổ Xào Tỏi,Bữa tối
Cải Rổ Xào Tỏi,Bữa trưa
Chả Lụa Kho Trứng Cút,Bữa tối
Chả Lụa Kho Trứng Cút,Bữa trưa
Súp Cồi Điệp Rau Củ,Bữa sáng
Súp Cồi Điệp Rau Củ,Bữa tối
Súp Cồi Điệp Rau Củ,Bữa trưa
Lẩu Nấm Đầu Cá Hồi,Bữa tối
Lẩu Nấm Đầu Cá Hồi,Bữa trưa
Salad Dâu Tằm,Bữa sáng
Salad Dâu Tằm,Bữa trưa
Salad Dâu Tằm,Bữa tối
Salad Dâu Tằm,Món Âu
Bánh Cuốn Nhân Cá Hồi,Bữa sáng
Bánh Cuốn Nhân Cá Hồi,Bữa tối
Bánh Cuốn Nhân Cá Hồi,Bữa trưa
Canh Măng Cua Đồng,Bữa tối
Canh Măng Cua Đồng,Bữa trưa
Canh Cá Rau Muống,Bữa tối
Canh Cá Rau Muống,Bữa trưa
Cá Rim Giấm Mè,Bữa tối
Cá Rim Giấm Mè,Bữa trưa
Mọc Đông Trứng Cút,Bữa tối
Mọc Đông Trứng Cút,Bữa trưa
Canh Rong Biển Hạt Sen,Bữa sáng
Canh Rong Biển Hạt Sen,Bữa tối
Canh Rong Biển Hạt Sen,Bữa trưa
Canh Rong Biển Hạt Sen,Món chay
Bò Cuộn Nấm Xốt Tiêu,Bữa tối
Bò Cuộn Nấm Xốt Tiêu,Bữa trưa
Bò Cuộn Nấm Xốt Tiêu,Món Âu
Cua Lột Xào Chua Ngọt,Bữa trưa
Cua Lột Xào Chua Ngọt,Bữa tối
Cua Lột Xào Chua Ngọt,Bữa sáng
Cháo Ếch,Bữa sáng
Cháo Ếch,Bữa tối
Cháo Ếch,Bữa trưa
Canh Bí Đỏ Rong Biển,Bữa sáng
Canh Bí Đỏ Rong Biển,Bữa tối
Canh Bí Đỏ Rong Biển,Bữa trưa
Canh Bí Đỏ Rong Biển,Món chay
Canh Bí Đỏ Rong Biển,Món chay
Cuốn Chả Tôm,Bữa tối
Cuốn Chả Tôm,Bữa trưa
Bánh Ít Nhân Tôm Thịt,Bữa sáng
Bánh Ít Nhân Tôm Thịt,Bữa tối
Bánh Ít Nhân Tôm Thịt,Bữa trưa
Gà Nấu Đậu Ngự,Bữa trưa
Gà Nấu Đậu Ngự,Bữa tối
Sườn Nướng Xốt Cay,Bữa tối
Sườn Nướng Xốt Cay,Bữa trưa
Bánh Mì Kẹp Phô Mai Thịt Nguội,Bữa sáng
Bánh Mì Kẹp Phô Mai Thịt Nguội,Món Âu
Tôm Ram Thịt Ba Chỉ,Bữa trưa
Tôm Ram Thịt Ba Chỉ,Bữa tối
Gỏi Trộn Khô Mực,Bữa trưa
Gỏi Trộn Khô Mực,Bữa tối
Gỏi Rau Mầm Tôm,Bữa trưa
Gỏi Rau Mầm Tôm,Bữa tối
Mít Kho Tương,Bữa trưa
Mít Kho Tương,Bữa tối
Mít Kho Tương,Món chay
Mít Kho Tương,Món chay
Cơm Chiên Cá Mặn,Bữa sáng
Cơm Chiên Cá Mặn,Bữa trưa
Cơm Chiên Cá Mặn,Bữa tối
Tôm Sú Xốt Gấc,Bữa trưa
Tôm Sú Xốt Gấc,Bữa tối
Cơm Gà,Bữa trưa
Cơm Gà,Bữa tối
Cơm Gà,Bữa sáng
Thịt Nướng BBQ,Món Âu
Gỏi Ớt Chuông Cần Tây,Bữa trưa
Gỏi Ớt Chuông Cần Tây,Bữa tối
Đậu Hũ Xốt Mè Mayonnaise,Bữa trưa
Đậu Hũ Xốt Mè Mayonnaise,Bữa tối
Bánh Cuốn Củ Cải,Bữa sáng
Gỏi Mực Cay,Bữa trưa
Gỏi Mực Cay,Bữa tối
Bánh Đa Cua,Bữa sáng
Bánh Đa Cua,Bữa tối
Bánh Đa Cua,Bữa trưa
Miến Trộn Cua Lột,Bữa sáng
Bánh Sen Chiên Giòn,Món chay
Bánh Sen Chiên Giòn,Món chay
Canh Cá Kèo Rau Đắng,Bữa trưa
Canh Cá Kèo Rau Đắng,Bữa tối
Chả Cá Chiên Cốm,Bữa tối
Chả Cá Chiên Cốm,Bữa trưa
Gà Xào Thơm Bông Cải,Bữa trưa
Gà Xào Thơm Bông Cải,Bữa tối
Canh Ba Màu,Bữa trưa
Canh Ba Màu,Bữa tối
Canh Ba Màu,Món chay
Canh Ba Màu,Món chay
Cuốn Thịt Ram Mắm Tép,Bữa trưa
Cuốn Thịt Ram Mắm Tép,Bữa tối
Cá Thu Kho Nước Tương,Bữa trưa
Cá Thu Kho Nước Tương,Bữa tối
Mực Nhồi Thịt Xốt Cà,Bữa trưa
Mực Nhồi Thịt Xốt Cà,Bữa tối
Nui Xào Bò,Bữa sáng
Nui Xào Bò,Bữa tối
Nui Xào Bò,Bữa trưa
Gà Viên Chiên,Bữa trưa
Gà Viên Chiên,Bữa tối
Cá Chiên Xốt Me,Bữa trưa
Cá Chiên Xốt Me,Bữa tối
Mực Xào Chua Cay,Bữa trưa
Mực Xào Chua Cay,Bữa tối
Ngồng Cải Hấp Tôm,Bữa trưa
Ngồng Cải Hấp Tôm,Bữa tối
Tôm Càng Rim Tỏi,Bữa trưa
Tôm Càng Rim Tỏi,Bữa tối
Rau Xào Thập Cẩm,Bữa trưa
Rau Xào Thập Cẩm,Bữa tối
Canh Khoai Tím Hột Lựu,Bữa trưa
Canh Khoai Tím Hột Lựu,Bữa tối
Canh Bí Đao Dồn Thịt,Bữa trưa
Canh Bí Đao Dồn Thịt,Bữa tối
Gà Xào Tương Hột,Bữa trưa
Gà Xào Tương Hột,Bữa tối
Canh Sườn Củ Cải Muối,Bữa trưa
Canh Sườn Củ Cải Muối,Bữa tối
Mực Muối Rim Thịt,Bữa trưa
Mực Muối Rim Thịt,Bữa tối
Gỏi Củ Sen,Bữa trưa
Gỏi Củ Sen,Bữa tối
Ếch Xào Lá Lốt,Bữa trưa
Ếch Xào Lá Lốt,Bữa tối
Gỏi Hải Sản Rau Nhút,Bữa trưa
Gỏi Hải Sản Rau Nhút,Bữa tối
Nộm Hoa Chuối Hải Sản,Bữa trưa
Nộm Hoa Chuối Hải Sản,Bữa tối
Salad Bí Ngòi,Bữa trưa
Salad Bí Ngòi,Bữa tối
Salad Bí Ngòi,Món Âu
Giò Heo Kho Quế,Bữa trưa
Giò Heo Kho Quế,Bữa tối
Bông Bí Chiên Giòn Chay,Bữa trưa
Bông Bí Chiên Giòn Chay,Bữa tối
Bông Bí Chiên Giòn Chay,Món chay
Chả Mực Chiên,Bữa tối
Chả Mực Chiên,Bữa trưa
Súp Tóc Tiên Bí Đao,Bữa trưa
Súp Tóc Tiên Bí Đao,Bữa tối
Đuôi Heo Hầm Măng,Bữa trưa
Đuôi Heo Hầm Măng,Bữa tối
Thịt Quay Chay,Bữa trưa
Thịt Quay Chay,Bữa tối
Thịt Quay Chay,Món chay
Gỏi Củ Kiệu,Bữa trưa
Gỏi Củ Kiệu,Bữa tối
Thịt Bò Kho Tàu,Bữa trưa
Thịt Bò Kho Tàu,Bữa tối
Chả Lụa Chay,Món chay
Salad Mì Ý Với Giò Thủ,Bữa sáng
Salad Mì Ý Với Giò Thủ,Bữa tối
Salad Mì Ý Với Giò Thủ,Bữa trưa
Salad Mì Ý Với Giò Thủ,Món Âu
Sườn Chay Nấu Đậu,Bữa trưa
Sườn Chay Nấu Đậu,Bữa tối
Sườn Chay Nấu Đậu,Món chay
Cơm Tôm Bí Đỏ,Bữa trưa
Cơm Tôm Bí Đỏ,Bữa tối
Xúc Xích Chiên Xù,Bữa trưa
Xúc Xích Chiên Xù,Bữa tối
Xúc Xích Chiên Xù,Món Âu
Cật Heo Xào Bí Ngòi,Bữa trưa
Cật Heo Xào Bí Ngòi,Bữa tối
Súp Sắc Màu,Bữa sáng
Canape Cá Hồi Trái Bơ,Món Âu
Sườn Cốt Lết Xốt Dầu Hào,Bữa trưa
Sườn Cốt Lết Xốt Dầu Hào,Bữa tối
Tim Heo Hầm Hạt Sen,Bữa trưa
Tim Heo Hầm Hạt Sen,Bữa tối
Cá Hồi Xốt Cay,Bữa trưa
Cá Hồi Xốt Cay,Bữa tối
Thịt Gà Nấu Long Nhãn,Bữa trưa
Thịt Gà Nấu Long Nhãn,Bữa tối
Bún Gạo Xào Thịt Bò,Bữa sáng
Cá Cuộn Cải Chiên Xù,Bữa tối
Cá Cuộn Cải Chiên Xù,Bữa trưa
Gỏi Miến Thịt Bằm,Bữa trưa
Gỏi Miến Thịt Bằm,Bữa tối
Mực Kho Củ Cải,Bữa trưa
Mực Kho Củ Cải,Bữa tối
Nấm Chiên Xốt Tôm,Bữa trưa
Nấm Chiên Xốt Tôm,Bữa tối
Heo Quay Xào Kim Chi Cà Bát,Bữa trưa
Heo Quay Xào Kim Chi Cà Bát,Bữa tối
Đậu Rồng Xào Tép,Bữa trưa
Đậu Rồng Xào Tép,Bữa tối
Canh Gà Nấu Khoai Môn,Bữa trưa
Canh Gà Nấu Khoai Môn,Bữa tối
Canh Hến Nấu Bầu,Bữa trưa
Canh Hến Nấu Bầu,Bữa tối
Cơm Chiên Dừa,Bữa sáng
Cơm Chiên Dừa,Bữa trưa
Cơm Chiên Dừa,Bữa tối
Gỏi Râu Mực Chiên Giòn,Bữa tối
Gỏi Râu Mực Chiên Giòn,Bữa trưa
Súp Chua Cay Chay,Bữa sáng
Súp Chua Cay Chay,Món chay
Súp Chua Cay Chay,Món chay
Nghêu Xào Lá Lốt,Bữa trưa
Nghêu Xào Lá Lốt,Bữa tối
Bánh Mì Thịt Nguội Bắp Cải,Bữa sáng
Bánh Mì Thịt Nguội Bắp Cải,Món Âu
Tôm Thịt Kho Măng,Bữa trưa
Tôm Thịt Kho Măng,Bữa tối
Cá Hồi Cuộn Măng Tây,Bữa trưa
Cá Hồi Cuộn Măng Tây,Bữa tối
Cháo Tim Gan,Bữa sáng
Cháo Tim Gan,Bữa tối
Cháo Tim Gan,Bữa trưa
Súp Nghêu Rong Biển,Bữa sáng
Súp Nghêu Rong Biển,Bữa trưa
Súp Nghêu Rong Biển,Bữa tối
Bánh Mì Trứng Thịt Nguội,Bữa sáng
Cơm Chiên Nấm Thịt Bò,Bữa sáng
Cơm Chiên Nấm Thịt Bò,Bữa tối
Cơm Chiên Nấm Thịt Bò,Bữa trưa
Mực Xốt Cay,Bữa trưa
Mực Xốt Cay,Bữa tối
Canh Sườn Khoai Sọ,Bữa trưa
Canh Sườn Khoai Sọ,Bữa tối
Thịt Ba Rọi Xào Nấm,Bữa trưa
Thịt Ba Rọi Xào Nấm,Bữa tối
Xúc Xích Xào Khoai Tây,Bữa trưa
Xúc Xích Xào Khoai Tây,Bữa tối
Xúc Xích Xào Khoai Tây,Món Âu
Hoa Thiên Lý Trộn Mực Xé,Bữa trưa
Hoa Thiên Lý Trộn Mực Xé,Bữa tối
Khổ Qua Xào Trứng Thịt Bằm,Bữa trưa
Khổ Qua Xào Trứng Thịt Bằm,Bữa tối
Khoai Tây Xào Kim Chi,Bữa trưa
Khoai Tây Xào Kim Chi,Bữa tối
Cơm Sen Cốm,Bữa trưa
Cơm Sen Cốm,Bữa tối
Cơm Sen Cốm,Món chay
Cơm Sen Cốm,Món chay
Ra-Gu Chay,Bữa sáng
Ra-Gu Chay,Bữa tối
Ra-Gu Chay,Bữa trưa
Ra-Gu Chay,Món Âu
Ra-Gu Chay,Món chay
Ra-Gu Chay,Món chay
Gà Cuộn Xôi Chiên,Bữa tối
Gà Cuộn Xôi Chiên,Bữa trưa
Cháo Tôm Nếp Cẩm,Bữa sáng
Cháo Tôm Nếp Cẩm,Bữa trưa
Cháo Tôm Nếp Cẩm,Bữa tối
Tàu Hủ Ky Chiên Xả Ớt,Bữa trưa
Tàu Hủ Ky Chiên Xả Ớt,Bữa tối
Tàu Hủ Ky Chiên Xả Ớt,Món chay
Tàu Hủ Ky Chiên Xả Ớt,Món chay
Gỏi Bông Bí,Bữa trưa
Gỏi Bông Bí,Bữa tối
Giá Hẹ Xào Lòng Gà,Bữa trưa
Giá Hẹ Xào Lòng Gà,Bữa tối
Canh Bông Súng Nấu Tôm,Bữa trưa
Canh Bông Súng Nấu Tôm,Bữa tối
Rau Muống Xào Mắm Ruốc,Bữa trưa
Rau Muống Xào Mắm Ruốc,Bữa tối
Súp Tôm Bí Đỏ,Bữa sáng
Súp Tôm Bí Đỏ,Bữa tối
Súp Tôm Bí Đỏ,Bữa trưa
Rau Càng Cua Trộn Cá Mòi,Bữa trưa
Rau Càng Cua Trộn Cá Mòi,Bữa tối
Salad Cá Hồi Xông Khói,Bữa sáng
Salad Cá Hồi Xông Khói,Bữa tối
Salad Cá Hồi Xông Khói,Bữa trưa
Salad Cá Hồi Xông Khói,Món Âu
Gỏi Thập Cẩm Cá Hồi,Bữa trưa
Gỏi Thập Cẩm Cá Hồi,Bữa tối
Gỏi Thập Cẩm Cá Hồi,Món chay
Gỏi Trứng Chiên,Bữa trưa
Gỏi Trứng Chiên,Bữa tối
Gà Chiên Trộn Xốt Ngọt Mayonnaise,Bữa tối
Gà Chiên Trộn Xốt Ngọt Mayonnaise,Bữa trưa
Salad Ngũ Sắc,Bữa trưa
Salad Ngũ Sắc,Bữa tối
Salad Ngũ Sắc,Món Âu
Salad Ngũ Sắc,Món chay
Nui Nơ Nấu Thịt Băm,Bữa sáng
Súp Cua Củ Năng,Bữa sáng
Hủ Tiếu Mì Xào,Bữa sáng
Gỏi Rau Má,Bữa trưa
Gỏi Rau Má,Bữa tối
Salad Củ Sen Khoai Tây,Bữa sáng
Salad Củ Sen Khoai Tây,Bữa trưa
Salad Củ Sen Khoai Tây,Bữa tối
Salad Củ Sen Khoai Tây,Món Âu
Bánh Mì Kẹp Thịt Gà,Bữa sáng
Tôm Trộn Bông Cải,Bữa trưa
Tôm Trộn Bông Cải,Bữa tối
Gà Nấu Trái Lê,Bữa trưa
Gà Nấu Trái Lê,Bữa tối
Salad Su Su,Bữa trưa
Salad Su Su,Bữa tối
Salad Su Su,Món Âu
Bắp Vàng Trộn Xúc Xích,Bữa sáng
Bắp Vàng Trộn Xúc Xích,Bữa trưa
Bắp Vàng Trộn Xúc Xích,Bữa tối
Bắp Vàng Trộn Xúc Xích,Món Âu
Giò Heo Hầm Bông Atiso,Bữa trưa
Giò Heo Hầm Bông Atiso,Bữa tối
Canh Cá Rau Đay,Bữa trưa
Canh Cá Rau Đay,Bữa tối
Gỏi Khổ Qua,Bữa trưa
Gỏi Khổ Qua,Bữa tối
Nui Trộn Cá Ngừ,Bữa sáng
Nui Trộn Cá Ngừ,Bữa trưa
Nui Trộn Cá Ngừ,Bữa tối
Salad Trái Cây,Bữa sáng
Salad Trái Cây,Bữa trưa
Salad Trái Cây,Bữa tối
Salad Trái Cây,Món Âu
Canh Đuôi Heo Củ Sen,Bữa trưa
Canh Đuôi Heo Củ Sen,Bữa tối
Canh Ốc Nấu Tía Tô,Bữa trưa
Canh Ốc Nấu Tía Tô,Bữa tối
Bò Cuộn Nấm Kim Châm,Bữa trưa
Bò Cuộn Nấm Kim Châm,Bữa tối
Mực Chiên Ngũ Sắc,Bữa tối
Mực Chiên Ngũ Sắc,Bữa trưa
Cháo Trứng Thịt Bằm,Bữa sáng
Chả Giò Mực,Bữa trưa
Chả Giò Mực,Bữa tối
Chả Giò Spaghetti,Bữa sáng
Chả Giò Spaghetti,Bữa trưa
Chả Giò Spaghetti,Bữa tối
Chả Giò Spaghetti,Món Âu
Gỏi Rau Nước Tương,Bữa trưa
Gỏi Rau Nước Tương,Bữa tối
Súp Hột Lựu Chay,Bữa trưa
Súp Hột Lựu Chay,Bữa tối
Súp Hột Lựu Chay,Món chay
Súp Hột Lựu Chay,Món chay
Mì Xào Giòn Chay,Bữa sáng
Mì Xào Giòn Chay,Bữa trưa
Mì Xào Giòn Chay,Bữa tối
Mì Xào Giòn Chay,Món chay
Mì Xào Giòn Chay,Món chay
Gỏi Gà Rau Răm,Bữa trưa
Gỏi Gà Rau Răm,Bữa tối
Salad Nui Cá Hồi,Bữa trưa
Salad Nui Cá Hồi,Bữa tối
Salad Nui Cá Hồi,Món Âu
Gỏi Cuốn 3 Loại,Bữa trưa
Gỏi Cuốn 3 Loại,Bữa tối
Cháo Nghêu,Bữa sáng
Cháo Nghêu,Bữa tối
Cháo Nghêu,Bữa trưa
Bánh Mì Chiên Tôm,Bữa sáng
Bánh Mì Chiên Tôm,Bữa tối
Bánh Mì Chiên Tôm,Bữa trưa
Tôm Chiên Hoành Thánh,Bữa trưa
Tôm Chiên Hoành Thánh,Bữa tối
Cá Kèo Kho Rau Răm,Bữa trưa
Cá Kèo Kho Rau Răm,Bữa tối
Cà Tím Hấp Nước Tương Tỏi,Bữa trưa
Cà Tím Hấp Nước Tương Tỏi,Bữa tối
Súp Nghêu Chua Cay,Bữa tối
Súp Nghêu Chua Cay,Bữa trưa
Canh Gà Nấu Bông Cải,Bữa trưa
Canh Gà Nấu Bông Cải,Bữa tối
Đậu Hũ Khìa,Bữa trưa
Đậu Hũ Khìa,Bữa tối
Đậu Hũ Khìa,Món chay
Bánh Cua,Món Âu
Rau Củ Chiên Tẩm Nước Tương,Bữa trưa
Rau Củ Chiên Tẩm Nước Tương,Bữa tối
Súp Nghêu Rau Củ,Bữa trưa
Súp Nghêu Rau Củ,Bữa tối
Súp Nghêu Rau Củ,Món Âu
Salad Nui Ba Màu,Bữa sáng
Salad Nui Ba Màu,Bữa trưa
Salad Nui Ba Màu,Bữa tối
Salad Nui Ba Màu,Món Âu
Chả Nghêu Húng Quế,Bữa trưa
Chả Nghêu Húng Quế,Bữa tối
Canh Bí Đỏ Đậu Xanh,Bữa trưa
Canh Bí Đỏ Đậu Xanh,Bữa tối
Chả Nấm Chiên Giòn,Bữa trưa
Chả Nấm Chiên Giòn,Bữa tối
Lạp Xưởng Xào Ngũ Sắc,Bữa trưa
Lạp Xưởng Xào Ngũ Sắc,Bữa tối
Sườn Kho Nấm,Bữa trưa
Sườn Kho Nấm,Bữa tối
Lẩu Đậu Tương,Món chay
Lẩu Đậu Tương,Món chay
Bí Ngòi Xào Hải Sản,Bữa trưa
Bí Ngòi Xào Hải Sản,Bữa tối
Ếch Xào Bồn Bồn,Bữa trưa
Ếch Xào Bồn Bồn,Bữa tối
Hủ Tiếu Xào Cua Thanh,Bữa sáng
Hủ Tiếu Xào Cua Thanh,Bữa trưa
Hủ Tiếu Xào Cua Thanh,Bữa tối
Salad Dồi Quẩy,Bữa trưa
Salad Dồi Quẩy,Bữa tối
Salad Dồi Quẩy,Món Âu
Miến Gà Măng Khô,Bữa sáng
Ếch Xào Cải Chua,Bữa trưa
Ếch Xào Cải Chua,Bữa tối
Cá Điêu Hồng Xốt Hạt Lựu,Bữa trưa
Cá Điêu Hồng Xốt Hạt Lựu,Bữa tối
Trái Cây Và Rau Củ Chiên Giòn,Bữa trưa
Trái Cây Và Rau Củ Chiên Giòn,Bữa tối
Cá Tai Tượng Hấp Xì Dầu,Bữa trưa
Cá Tai Tượng Hấp Xì Dầu,Bữa tối
Tôm Xào Hạnh Nhân Chay,Bữa trưa
Tôm Xào Hạnh Nhân Chay,Bữa tối
Tôm Xào Hạnh Nhân Chay,Món chay
Tôm Xào Hạnh Nhân Chay,Món chay
Cá Thác Lác Bách Hoa,Bữa trưa
Cá Thác Lác Bách Hoa,Bữa tối
Cá Rô Kho Cà Bát,Bữa trưa
Cá Rô Kho Cà Bát,Bữa tối
Bún Chay Lá Chanh,Bữa sáng
Bún Chay Lá Chanh,Món chay
Gỏi Vịt Rau Rừng,Bữa trưa
Gỏi Vịt Rau Rừng,Bữa tối
Canh Măng Khô Đuôi Bò,Bữa trưa
Canh Măng Khô Đuôi Bò,Bữa tối
Canh Rau Dền Khoai Sọ,Bữa trưa
Canh Rau Dền Khoai Sọ,Bữa tối
Cá Lóc Xào Lưu Ly,Bữa trưa
Cá Lóc Xào Lưu Ly,Bữa tối
Gỏi Rau Cần Thịt Bò,Bữa trưa
Gỏi Rau Cần Thịt Bò,Bữa tối
Củ Sắn Xào Thịt,Bữa trưa
Củ Sắn Xào Thịt,Bữa tối
Đậu Hũ Hấp La Hán,Món chay
Bánh Mì Cuộn Cá Hộp,Bữa sáng
Gỏi Sò Huyết Nấm Tuyết,Bữa trưa
Gỏi Sò Huyết Nấm Tuyết,Bữa tối
Salad Thịt Gà Trộn Táo Đỏ,Bữa trưa
Salad Thịt Gà Trộn Táo Đỏ,Bữa tối
Salad Thịt Gà Trộn Táo Đỏ,Món Âu
Sườn Kho Đậu Hũ Non,Bữa trưa
Sườn Kho Đậu Hũ Non,Bữa tối
Bò Lúc Lắc Mayo,Bữa sáng
Bò Lúc Lắc Mayo,Bữa trưa
Bò Lúc Lắc Mayo,Bữa tối
Bò Lúc Lắc Mayo,Món Âu
Rau Củ Xào Hỷ Lạc,Bữa trưa
Rau Củ Xào Hỷ Lạc,Bữa tối
Rau Củ Xào Hỷ Lạc,Món chay
Rau Củ Xào Hỷ Lạc,Món chay
Mì Quảng Xào Chay,Bữa sáng
Mì Quảng Xào Chay,Món chay
Mì Quảng Xào Chay,Món chay
Lươn Om Chuối Đậu,Bữa trưa
Lươn Om Chuối Đậu,Bữa tối
Trứng Chiên Lạp Xưởng,Bữa sáng
Trứng Chiên Lạp Xưởng,Bữa trưa
Trứng Chiên Lạp Xưởng,Bữa tối
Củ Sen Chiên Tôm,Bữa trưa
Củ Sen Chiên Tôm,Bữa tối
Cải Thảo Xào Tim Heo,Bữa trưa
Cải Thảo Xào Tim Heo,Bữa tối
Canh Gà Nấu Khoai Tây,Bữa trưa
Canh Gà Nấu Khoai Tây,Bữa tối
Chả Bắp,Bữa trưa
Chả Bắp,Bữa tối
Chả Bắp,Món chay
Chả Bắp,Món chay
Kiểm,Bữa trưa
Kiểm,Bữa tối
Kiểm,Món chay
Kiểm,Món chay
Cải Thảo Gói Tôm Thịt,Bữa trưa
Cải Thảo Gói Tôm Thịt,Bữa tối
Chả Giò Chay,Món chay
Chả Giò Chay,Món chay
Salad Mì Ý Chua Ngọt,Bữa sáng
Salad Mì Ý Chua Ngọt,Bữa trưa
Salad Mì Ý Chua Ngọt,Bữa tối
Salad Mì Ý Chua Ngọt,Món Âu
Bạch Tuộc Xào Chua Cay,Bữa trưa
Bạch Tuộc Xào Chua Cay,Bữa tối
Tôm Xào Sả Cay,Bữa trưa
Tôm Xào Sả Cay,Bữa tối
Gà Kho Hành Phi,Bữa trưa
Gà Kho Hành Phi,Bữa tối
Đậu Hũ Xốt Nấm,Bữa trưa
Đậu Hũ Xốt Nấm,Bữa tối
Đậu Hũ Xốt Nấm,Món chay
Đậu Hũ Xốt Nấm,Món chay
Dừa Kho Ngũ Vị,Bữa trưa
Dừa Kho Ngũ Vị,Bữa tối
Miến Xào Xốt Tương,Bữa sáng
Cua Nấm Xào Măng Tây,Bữa trưa
Cua Nấm Xào Măng Tây,Bữa tối
Mắm Lóc Chưng,Bữa trưa
Mắm Lóc Chưng,Bữa tối
Cá Đối Kho Cải Chua,Bữa trưa
Canh Cá Rô Rau Nhút,Bữa trưa
Canh Cá Rô Rau Nhút,Bữa tối
Gà Nấu Nấm,Bữa tối
Cà Tím Tay Cầm,Món chay
Rau Củ Kho Chay,Món chay
Miến Xào Chay,Món chay
Khổ Qua Kho Chay,Món chay
Cồi Sò Điệp Chiên Khoai,Bữa tối
Cồi Sò Điệp Chiên Khoai,Bữa trưa
Bún Gạo Xào Chao Đỏ,Món chay
Đậu Hũ Bao Bố,Món chay
Bì Cuốn Chay,Món chay
Gà Kho Củ Cải Muối,Bữa trưa
Lẩu Chay Trái Cây,Món chay
Lẩu Chay Trái Cây,Món chay
Nấm Hấp Sả,Bữa trưa
Nấm Hấp Sả,Món chay
Bánh Mì Đút Lò Xốt Mayonnaise,Bữa sáng
Khoai Tây Trộn Mayonnaise,Bữa trưa
Lươn Om Khoai Sọ,Bữa trưa
Bánh Mì Phô Mai Thịt Nguội,Bữa sáng
Bánh Mì Phô Mai Thịt Nguội,Bữa tối
Bánh Mì Kẹp Xúc Xích,Bữa sáng
Tôm Thịt Kho Quẹt,Bữa trưa
Thịt Bò Xào Cần Nước,Bữa trưa
Thịt Bò Xào Cần Nước,Bữa tối
Gà Xào Hạnh Nhân,Bữa trưa
Gà Xào Hạnh Nhân,Bữa tối
Nui Xào Hải Sản,Bữa sáng
Canh Mít Non Củ Năng,Bữa trưa
Canh Mít Non Củ Năng,Bữa tối
Canh Cá Chim Nấu Ngót,Bữa trưa
Canh Cá Chim Nấu Ngót,Bữa tối
Mì Xào Trộn Mayonnaise,Bữa sáng
Canh Long Thả,Bữa trưa
Salad Rau Củ Trộn Xốt Mayonnaise,Bữa trưa
Canh Ếch Lá Me Non,Bữa trưa
Đậu Hũ Chiên Sả Ớt,Bữa sáng
Đậu Hũ Chiên Sả Ớt,Bữa trưa
Đậu Hũ Chiên Sả Ớt,Món chay
Cuốn Gà,Bữa sáng
Cuốn Gà,Bữa trưa
Lẩu Gà Nấu Giấm,Bữa tối
Vịt Kho Sấu,Bữa trưa
Vịt Kho Sấu,Bữa tối
Rau Củ Chiên Giòn,Bữa trưa
Ốc Móng Tay Xào Tiêu Xanh,Bữa trưa
Lươn Kho Sả Ớt,Bữa trưa
Lươn Kho Sả Ớt,Bữa tối
Mì Ý Xào Thịt Bò Băm,Bữa tối
Mì Ý Xào Thịt Bò Băm,Món Âu
Bánh Hến Chiên,Bữa trưa
Bánh Mì Xíu Mại,Bữa sáng
Thịt Ram Xốt Mayonnaise,Bữa trưa
Thịt Ram Xốt Mayonnaise,Bữa tối
Cá Cuốn Tôm Chiên,Bữa tối
Lưỡi Heo Xào Riềng Sả,Bữa trưa
Lưỡi Heo Xào Riềng Sả,Bữa tối
Thịt Kho Nước Tương Giấm,Bữa trưa
Thịt Kho Nước Tương Giấm,Bữa tối
Chả Giò Cua,Bữa tối
Heo Viên Chiên Xù,Bữa trưa
Heo Viên Chiên Xù,Bữa tối
Cá Long Tong Kho Lạt,Bữa trưa
Cá Long Tong Kho Lạt,Bữa tối
Cá Đối Kho Cà Chua,Bữa trưa
Cá Đối Kho Cà Chua,Bữa tối
Canh Nghêu Mồng Tơi,Bữa trưa
Canh Nghêu Mồng Tơi,Bữa tối
Tam Hữu,Bữa tối
Canh Rau Tập Tàng,Bữa trưa
Canh Rau Tập Tàng,Bữa tối
Trứng Chiên Rau Củ Xốt Mayonnaise,Bữa trưa
Trứng Chiên Rau Củ Xốt Mayonnaise,Bữa tối
Canh Chua Chem Chép,Bữa trưa
Canh Chua Chem Chép,Bữa tối
Salad Khoai Tây Thịt Gà,Bữa trưa
Salad Khoai Tây Thịt Gà,Bữa tối
Salad Khoai Trộn Thịt Bò,Bữa trưa
Salad Khoai Trộn Thịt Bò,Bữa tối
Salad Dầu Giấm Trộn Mayonnaise,Bữa trưa
Salad Dầu Giấm Trộn Mayonnaise,Bữa tối
Gỏi Xoài Tôm,Bữa trưa
Gỏi Xoài Tôm,Bữa tối
Salad Trộn Thịt Bò,Bữa tối
Salad Trộn Thịt Bò,Bữa trưa
Nui Trộn Cá Hồi Nướng Mayonnaise,Bữa tối
Nui Trộn Cá Hồi Nướng Mayonnaise,Món Âu
Gà Om Bia,Bữa tối
Cá Bông Lau Kho Tộ,Bữa trưa
Cá Bông Lau Kho Tộ,Bữa tối
Cá Nướng Muối Ớt,Bữa tối
Nghêu Xào Mayonnaise Hung Quế,Bữa tối
Nghêu Hấp Nước Tương,Bữa trưa
Nghêu Hấp Nước Tương,Bữa tối
Bánh Mì Kẹp Thịt Gà Khìa,Bữa sáng
Củ Sen Hấp Thập Cẩm,Bữa trưa
Củ Sen Hấp Thập Cẩm,Bữa tối
Đậu Bắp Xào Tôm,Bữa trưa
Đậu Bắp Xào Tôm,Bữa tối
Nem Cua Rán,Bữa tối
Bánh Mì Tẩm Trứng Chiên,Bữa sáng
Cá Lóc Kho Củ Cải,Bữa trưa
Cá Lóc Kho Củ Cải,Bữa tối
Cá Ba Sa Om Xốt Mayonnaise,Bữa trưa
Cá Ba Sa Om Xốt Mayonnaise,Bữa tối
Bánh Mì Kẹp Tôm Trộn Mayonnaise,Bữa sáng
Cà Tím Nướng Mayonnaise,Bữa tối
Sandwich Cuốn Tôm,Bữa sáng
Cơm Chiên Trái Thơm,Bữa trưa
Cơm Chiên Trái Thơm,Bữa tối
Càng Cua Bách Hoa,Bữa tối
Canh Bí Ngòi Nấu Nấm,Bữa trưa
Canh Bí Ngòi Nấu Nấm,Bữa tối
Thịt Heo Chiên Xù,Bữa trưa
Thịt Heo Chiên Xù,Bữa tối
Cá Xào Cần Tỏi,Bữa trưa
Cá Xào Cần Tỏi,Bữa tối
Salad Kiểu Ý,Bữa trưa
Salad Kiểu Ý,Bữa tối
Salad Kiểu Ý,Món Âu
Cà Chua Nhồi Đậu Hũ,Bữa trưa
Cà Chua Nhồi Đậu Hũ,Bữa tối
Bò Lá Lốt Mayonnaise,Bữa tối
Canh Măng Giò Heo,Bữa trưa
Canh Măng Giò Heo,Bữa tối
Canh Cá Lóc Rau Cần,Bữa trưa
Canh Cá Lóc Rau Cần,Bữa tối
Salad Trái Bơ,Bữa trưa
Salad Trái Bơ,Bữa tối
Salad Tự Chọn,Bữa trưa
Salad Tự Chọn,Bữa tối
Cá Rô Kho Tộ,Bữa trưa
Cá Rô Kho Tộ,Bữa tối
Miến Xào Cua,Bữa tối
Ếch Xào Lăn,Bữa trưa
Ếch Xào Lăn,Bữa tối
Thịt Vịt Xào Bầu,Bữa trưa
Thịt Vịt Xào Bầu,Bữa tối
Nem Thịt Bò Chiên Xù,Bữa tối
Cải Rổ Xào Trứng Muối,Bữa trưa
Cải Rổ Xào Trứng Muối,Bữa tối
Mít Non Trộn Đậu Hũ Ky,Bữa trưa
Mít Non Trộn Đậu Hũ Ky,Bữa tối
Mít Non Trộn Đậu Hũ Ky,Món chay
Gà Ram Gừng,Bữa trưa
Gà Ram Gừng,Bữa tối
Sườn Ram Mặn,Bữa trưa
Sườn Ram Mặn,Bữa tối
Tôm Rim Thịt Ba Chỉ,Bữa trưa
Tôm Rim Thịt Ba Chỉ,Bữa tối
Súp Cua Nấm Tuyết,Bữa tối
Canh Cá Rô Nấu Cải Bẹ Xanh,Bữa trưa
Canh Cá Rô Nấu Cải Bẹ Xanh,Bữa tối
Canh Chua Cá Lóc,Bữa trưa
Canh Chua Cá Lóc,Bữa tối
Bò Nhúng Giấm,Bữa tối
Canh Cá Rau Cần,Bữa trưa
Canh Cá Rau Cần,Bữa tối
Cá Chép Kho Quả Sấu,Bữa trưa
Cá Chép Kho Quả Sấu,Bữa tối
Canh Cá Trân Châu,Bữa trưa
Canh Cá Trân Châu,Bữa tối
Canh Chua Trái Tắc,Bữa trưa
Canh Chua Trái Tắc,Bữa tối
Cá Trê Kho Rau Răm,Bữa trưa
Cá Trê Kho Rau Răm,Bữa tối
Cá Xào Lá Quế,Bữa trưa
Cá Xào Lá Quế,Bữa tối
Hủ Tiếu Xào Chay Vị Me,Bữa trưa
Hủ Tiếu Xào Chay Vị Me,Bữa tối
Hủ Tiếu Xào Chay Vị Me,Món chay
Hủ Tiếu Xào Chay Vị Me,Món chay
Ếch Xào Tía Tô,Bữa trưa
Ếch Xào Tía Tô,Bữa tối
Lạc Xá Chay,Món chay
Lạc Xá Chay,Món chay
Cá Kho Tàu,Bữa trưa
Cá Kho Tàu,Bữa tối
Chả Nấm Xốt Chua Ngọt,Bữa trưa
Chả Nấm Xốt Chua Ngọt,Bữa tối
Ốc Bươu Kho Gừng,Bữa trưa
Ốc Bươu Kho Gừng,Bữa tối
Cá Thu Nhật Kho Nước Dừa,Bữa trưa
Cá Thu Nhật Kho Nước Dừa,Bữa tối
Bắp Hạt Xào Gà Giòn Mayonnaise,Bữa trưa
Bắp Hạt Xào Gà Giòn Mayonnaise,Bữa tối
Sò Điệp Xào Cần Tây,Bữa trưa
Sò Điệp Xào Cần Tây,Bữa tối
Khô Cá Cơm Kho Khế,Bữa trưa
Khô Cá Cơm Kho Khế,Bữa tối
Cháo Thập Cẩm,Bữa trưa
Cháo Thập Cẩm,Bữa tối
Cháo Thập Cẩm,Món chay
Đậu Que Xào Thịt,Bữa trưa
Đậu Que Xào Thịt,Bữa tối
Khoai Tây Xào Thịt Bò,Bữa trưa
Khoai Tây Xào Thịt Bò,Bữa tối
Canh Song Thủy,Bữa trưa
Canh Song Thủy,Bữa tối
Ngồng Cải Xào Bao Tử Cá Basa,Bữa trưa
Ngồng Cải Xào Bao Tử Cá Basa,Bữa tối
Vịt Kho Ngũ Vị,Bữa trưa
Vịt Kho Ngũ Vị,Bữa tối
Đậu Bắp Kho Nước Tương,Bữa trưa
Đậu Bắp Kho Nước Tương,Bữa tối
Đậu Bắp Kho Nước Tương,Món chay
Cá Ngừ Kho Nước Mía,Bữa trưa
Cá Ngừ Kho Nước Mía,Bữa tối
Canh Bí Ngòi Quấn Tôm,Bữa trưa
Canh Bí Ngòi Quấn Tôm,Bữa tối
Bao Tử Cá Basa Xào Bạc Hà,Bữa trưa
Bao Tử Cá Basa Xào Bạc Hà,Bữa tối
Trứng Đúc Hẹ,Bữa trưa
Trứng Đúc Hẹ,Bữa tối
Bò Xào Ớt Khô,Bữa trưa
Bò Xào Ớt Khô,Bữa tối
Bò Né Hoa Thiên Lý,Bữa trưa
Bò Né Hoa Thiên Lý,Bữa tối
Canh Gà Thuốc Bắc,Bữa trưa
Canh Gà Thuốc Bắc,Bữa tối
Gỏi Cá Kèo,Bữa trưa
Gỏi Cá Kèo,Bữa tối
Canh Đuôi Bò Củ Cải,Bữa trưa
Canh Đuôi Bò Củ Cải,Bữa tối
Gỏi Nấm,Bữa trưa
Gỏi Nấm,Bữa tối
Cải Làn Trộn Mayonnaise,Bữa trưa
Cải Làn Trộn Mayonnaise,Bữa tối
Thịt Kho Củ Sen Tương Hột,Bữa trưa
Thịt Kho Củ Sen Tương Hột,Bữa tối
Bao Tử Kho Dưa Cải Trứng Cút,Bữa trưa
Bao Tử Kho Dưa Cải Trứng Cút,Bữa tối
Cá Đối Kho Cần Tàu,Bữa trưa
Cá Đối Kho Cần Tàu,Bữa tối
Canh Giò Heo Đu Đủ Hườm,Bữa trưa
Canh Giò Heo Đu Đủ Hườm,Bữa tối
Lẩu Cá Kèo Lá Giang,Bữa tối
Thịt Om Chuối Xanh,Bữa trưa
Thịt Om Chuối Xanh,Bữa tối
Ếch Kho Tiêu Xanh,Bữa trưa
Ếch Kho Tiêu Xanh,Bữa tối
Sườn Xào Chua Ngọt,Bữa trưa
Sườn Xào Chua Ngọt,Bữa tối
Cuốn Diếp Chay,Bữa tối
Cuốn Diếp Chay,Món chay
Bông Thiên Lý Xào Hải Sản,Bữa trưa
Bông Thiên Lý Xào Hải Sản,Bữa tối
Cá Thu Xốt Xòai Tượng,Bữa trưa
Cá Thu Xốt Xòai Tượng,Bữa tối
Thịt Bò Trộn Rau Muống Chẻ,Bữa trưa
Thịt Bò Trộn Rau Muống Chẻ,Bữa tối
Bún Xào Chay,Bữa trưa
Bún Xào Chay,Bữa tối
Bún Xào Chay,Món chay
Bún Xào Chay,Món chay
Bánh Canh Cua,Bữa sáng
Bánh Canh Cua,Bữa tối
Gỏi Rau Mầm,Bữa trưa
Gỏi Rau Mầm,Bữa tối
Ếch Chiên Bột,Bữa tối
Lẩu Đuôi Bò Cay,Bữa trưa
Cá Điêu Hồng Kho Tương Bần,Bữa trưa
Cá Điêu Hồng Kho Tương Bần,Bữa tối
Gà Hấp Cải Bẹ Xanh,Bữa tối
Măng Le Xào Gan,Bữa trưa
Măng Le Xào Gan,Bữa tối
Sò Lông Kho Tiêu Xanh,Bữa trưa
Sò Lông Kho Tiêu Xanh,Bữa tối
Vịt Nấu Thơm,Bữa tối
Lẩu Uyên Ương,Bữa tối
Trứng Hấp Rau Củ,Bữa tối
Bắp Cải Cuộn Thịt Kho Bơ,Bữa trưa
Bắp Cải Cuộn Thịt Kho Bơ,Bữa tối
Bò Xốt Vang,Bữa tối
Bò Xốt Vang,Món Âu
Sandwich Cá Ngừ,Bữa sáng
Canh Mồng Tơi Bắp Nụ,Bữa trưa
Canh Mồng Tơi Bắp Nụ,Bữa tối
Gà Xào Giấm Gừng,Bữa trưa
Gà Xào Giấm Gừng,Bữa tối
Mì Quảng,Bữa sáng
Lẩu Cá Lăng Măng Chua,Bữa tối
Bò Xào Lăn,Bữa trưa
Bò Xào Lăn,Bữa tối
Thịt Bò Xào Kiểu Hàn Quốc,Bữa trưa
Thịt Bò Xào Kiểu Hàn Quốc,Bữa tối
Gà Chiên Lá Dứa,Bữa tối
Canh Riêu Cá Chép,Bữa trưa
Canh Riêu Cá Chép,Bữa tối
Cánh Gà Kho Khoai Môn,Bữa trưa
Cánh Gà Kho Khoai Môn,Bữa tối
Sườn Chiên Xốt Chanh Dây,Bữa trưa
Sườn Chiên Xốt Chanh Dây,Bữa tối
Canh Hến Nấu Khế,Bữa trưa
Canh Hến Nấu Khế,Bữa tối
Canh Chua Măng,Bữa tối
Canh Chua Măng,Bữa trưa
Phở Xào Chua Ngọt,Bữa tối
Bao Tử Khìa Tiêu Xanh,Bữa tối
Bao Tử Khìa Tiêu Xanh,Bữa trưa
Cá Lóc Hấp Bầu,Bữa tối
Gà Kho Me,Bữa trưa
Gà Kho Me,Bữa tối
Sườn Xào Bắp Non,Bữa trưa
Sườn Xào Bắp Non,Bữa tối
Cơm Chiên Trái Cây,Bữa tối
Gỏi Mực Bắp Cải,Bữa trưa
Gỏi Mực Bắp Cải,Bữa tối
Vịt Quay Trộn Cần Tây,Bữa tối
Lưỡi Heo Kho Quế,Bữa trưa
Lưỡi Heo Kho Quế,Bữa tối
Miến Xào Đậu Ngự,Bữa trưa
Miến Xào Đậu Ngự,Bữa tối
Miến Xào Đậu Ngự,Món chay
Miến Xào Đậu Ngự,Món chay
Cà Bung Thịt Heo,Bữa trưa
Cà Bung Thịt Heo,Bữa tối
Salad Bắp Tôm,Bữa trưa
Salad Bắp Tôm,Bữa tối
Nấm Đùi Gà Kho Gừng,Bữa trưa
Nấm Đùi Gà Kho Gừng,Bữa tối
Canh Đu Đủ Lá Lốt,Bữa trưa
Canh Đu Đủ Lá Lốt,Bữa tối
Canh Đu Đủ Lá Lốt,Món chay
Thịt Bò Xào Ngồng Cải,Bữa trưa
Thịt Bò Xào Ngồng Cải,Bữa tối
Đậu Bắp Thịt Gà Xào Chao,Bữa trưa
Đậu Bắp Thịt Gà Xào Chao,Bữa tối
Tôm Chiên Xóc Lá Quế,Bữa trưa
Tôm Chiên Xóc Lá Quế,Bữa tối
Chả Tôm Chiên Lá Trà Xanh,Bữa tối
Táo Tàu Tiềm Chôm Chôm,Bữa tối
Hải Sâm Xào Rau Củ,Bữa trưa
Hải Sâm Xào Rau Củ,Bữa tối
Sườn Nướng Ngũ Vị,Bữa tối
Cá Thu Kho Riềng,Bữa trưa
Cá Thu Kho Riềng,Bữa tối
Canh Gà Cải Bó Xôi,Bữa trưa
Canh Gà Cải Bó Xôi,Bữa tối
Cà Tím Nhồi Thịt Kho,Bữa trưa
Cà Tím Nhồi Thịt Kho,Bữa tối
Vây Cá Hồi Xốt Kem Mayo,Bữa tối
Vây Cá Hồi Xốt Kem Mayo,Món Âu
Bạch Tuộc Xào Rau Muống,Bữa tối
Canh Vịt Khoai Sọ,Bữa trưa
Canh Vịt Khoai Sọ,Bữa tối
Rau Củ Kho Mayonnaise,Bữa trưa
Rau Củ Kho Mayonnaise,Bữa tối
Lươn Chiên Mắm Sả,Bữa tối
Bánh Rôti Cuộn Thịt Gà,Bữa tối
Bánh Rôti Cuộn Thịt Gà,Bữa trưa
Tôm Càng Xốt Nước Tương,Bữa trưa
Tôm Càng Xốt Nước Tương,Bữa tối
Thịt Bò Trộn Ngũ Sắc,Bữa tối
Salad Bánh Đa Tôm,Bữa tối
Gỏi Bao Tử Cá Basa,Bữa tối
Thịt Kho Khổ Qua Tây,Bữa trưa
Thịt Kho Khổ Qua Tây,Bữa tối
Gà Xào Hạt Điều,Bữa trưa
Gà Xào Hạt Điều,Bữa tối
Canh Mướp Hương Thịt Viên,Bữa trưa
Canh Mướp Hương Thịt Viên,Bữa tối
Canh Kim Chi Thịt Bò,Bữa trưa
Canh Kim Chi Thịt Bò,Bữa tối
Chả Giò Trái Cây Xốt Sầu Riêng,Bữa tối
Chả Giò Trái Cây Xốt Sầu Riêng,Món chay
Tôm Hấp Su Hào,Bữa trưa
Tôm Hấp Su Hào,Bữa tối
Bún Chả Cá,Bữa tối
Canh Dưa Leo Nhồi Thịt,Bữa trưa
Canh Dưa Leo Nhồi Thịt,Bữa tối
Salad Bưởi Trộn Bơ,Bữa trưa
Salad Bưởi Trộn Bơ,Bữa tối
Canh Chua Bông So Đũa Chay,Bữa trưa
Canh Chua Bông So Đũa Chay,Bữa tối
Canh Chua Bông So Đũa Chay,Món chay
Cá Chiên Giòn Xốt Chanh Ớt,Bữa tối
Lòng Non Xào Nghệ,Bữa tối
Lòng Non Xào Nghệ,Bữa trưa
Cá Hồi Ngũ Sắc,Món Âu
Vịt Kho Chuối Xanh,Bữa tối
Nhộng Xào Bông Hẹ,Bữa tối
Cháo Cá Hồi,Bữa tối
Gỏi Sứa Rau Thơm,Bữa tối
Gỏi Bắp Bò Rau Thơm,Bữa tối
Sườn Chiên Mayonnaise Sa Tế,Bữa trưa
Sườn Chiên Mayonnaise Sa Tế,Bữa tối
Cháo Nấm Tràm,Bữa tối
Dồi Trường Xào Cải Chua,Bữa trưa
Dồi Trường Xào Cải Chua,Bữa tối
Canh Bầu Nấu Riêu Tép,Bữa trưa
Canh Bầu Nấu Riêu Tép,Bữa tối
Salad Chip Chip,Bữa tối
Salad Chip Chip,Món chay
Bê Thấu,Bữa sáng
Bò Cuộn Ba Rọi Xông Khói,Món Âu
Cá Thu Nhật Kho Me,Bữa trưa
Cá Thu Nhật Kho Me,Bữa tối
Gà Hấp Đậu Hũ Non,Bữa tối
Củ Hũ Dừa Kho Nấm,Bữa trưa
Củ Hũ Dừa Kho Nấm,Bữa tối
Củ Hũ Dừa Kho Nấm,Món chay
Gỏi Chân Gà Tôm Chua,Bữa tối
Canh Cá Thác Lác Nấu Hoa,Bữa trưa
Canh Cá Thác Lác Nấu Hoa,Bữa tối
Salad Măng Cụt,Bữa trưa
Salad Măng Cụt,Bữa tối
Salad Măng Cụt,Món Âu
Thịt Heo Quay Kho Củ Hũ Dừa,Bữa trưa
Thịt Heo Quay Kho Củ Hũ Dừa,Bữa tối
Bao Tử Xào Đông Cô,Bữa trưa
Bao Tử Xào Đông Cô,Bữa tối
Canh Khế Cá Cơm,Bữa trưa
Canh Khế Cá Cơm,Bữa tối
Lòng Heo Xào Thơm,Bữa trưa
Lòng Heo Xào Thơm,Bữa tối
Đông Cô Hấp Tôm,Bữa tối
Đậu Hũ Hấp Tôm,Bữa trưa
Đậu Hũ Hấp Tôm,Bữa tối
Salad Dưa Leo Thịt Gà,Bữa trưa
Salad Dưa Leo Thịt Gà,Bữa tối
Mực Nhúng Giấm,Bữa tối
Canh Riêu Cua,Bữa trưa
Canh Riêu Cua,Bữa tối
Bánh Ướt Xào Hải Sản,Bữa tối
Gỏi Thanh Long,Món Âu
Gà Nướng Táo,Bữa tối
Thịt Gà Kho Kim Chi,Bữa trưa
Thịt Gà Kho Kim Chi,Bữa tối
Gà Chiên Lạp Xưởng,Bữa tối
Gỏi Dưa Leo Khô Cá,Bữa trưa
Gỏi Dưa Leo Khô Cá,Bữa tối
Gỏi Dưa Leo Khô Cá,Món chay
Gỏi Bông Thiên Lý Chay,Bữa trưa
Gỏi Bông Thiên Lý Chay,Bữa tối
Gỏi Bông Thiên Lý Chay,Món chay
Gà Chiên Bơ,Bữa tối
Bánh Mì Nướng Xốt Cà,Bữa sáng
Mì Gói Xào Bò,Bữa tối
Miến Măng Gà,Bữa tối
Chân Giò Ninh Măng Lưỡi Lợn,Bữa tối
Canh Bắp Cải Gói Thịt,Bữa trưa
Canh Bắp Cải Gói Thịt,Bữa tối
Bò Nướng Sa Tế,Bữa tối
Tôm Xào Bông Cải,Bữa trưa
Tôm Xào Bông Cải,Bữa tối
Canh Ốc Thì Là,Bữa trưa
Canh Ốc Thì Là,Bữa tối
Canh Cải Chua Nấu Cá Cơm,Bữa trưa
Canh Cải Chua Nấu Cá Cơm,Bữa tối
Cá Tai Tượng Hấp,Bữa tối
Canh Boaro Nấu Đậu Hũ Non,Bữa trưa
Canh Boaro Nấu Đậu Hũ Non,Bữa tối
Cà Chua Nhồi Thịt Ghẹ,Bữa trưa
Cà Chua Nhồi Thịt Ghẹ,Bữa tối
Rau Tiến Vua Ngâm Chua,Món chay
Ba Rọi Kho Gừng,Bữa trưa
Ba Rọi Kho Gừng,Bữa tối
Đọt Su Xào Tôm,Bữa trưa
Đọt Su Xào Tôm,Bữa tối
Thịt Chiên Xốt Nước Tương,Bữa trưa
Thịt Chiên Xốt Nước Tương,Bữa tối
Thịt Quay Kho Dưa Cải,Bữa trưa
Thịt Quay Kho Dưa Cải,Bữa tối
Cá Chiên Ngâm Nước Tương,Bữa trưa
Cá Chiên Ngâm Nước Tương,Bữa tối
Nem Chay Vỏ Bưởi,Món chay
Gỏi Cá Hấp Kiểu Nhật,Bữa tối
Salad Đậu Cô Ve,Bữa tối
Canh Chua Cá Lăng Rau Nhút,Bữa trưa
Canh Chua Cá Lăng Rau Nhút,Bữa tối
Bún Bò Huế Chay,Bữa sáng
Bún Bò Huế Chay,Bữa tối
Bún Bò Huế Chay,Món chay
Cuốn Lá Lốt Chay,Món chay
Nấm Bào Ngư Xào Xốt Mè,Bữa trưa
Nấm Bào Ngư Xào Xốt Mè,Bữa tối
Củ Năng Xào Tôm Thịt,Bữa trưa
Củ Năng Xào Tôm Thịt,Bữa tối
Đà Điểu Lúc Lắc,Bữa tối
Sườn Non Kho Khế,Bữa trưa
Sườn Non Kho Khế,Bữa tối
Chả Cá Kho Vân Trứng,Bữa trưa
Chả Cá Kho Vân Trứng,Bữa tối
Mì Lạnh,Bữa tối
Canh Chả Mực Thì Là,Bữa trưa
Canh Chả Mực Thì Là,Bữa tối
Cánh Gà Xốt Nước Tương,Bữa tối
Heo Nướng Bắp Cải Chua,Bữa tối
Heo Nướng Bắp Cải Chua,Món Âu
Mực Rối,Bữa trưa
Mực Rối,Bữa tối
Cơm Trân Châu,Bữa tối
Vịt Quay Bắc Kinh Chay,Món chay
Cá Lóc Phi Lê Xốt Gừng,Bữa trưa
Cá Lóc Phi Lê Xốt Gừng,Bữa tối
Gỏi Trái Cóc,Bữa tối
Đậu Đũa Xào Tôm Thịt,Bữa tối
Cá Hồi Xốt Trái Cây,Bữa tối
Gan Gà Xào Chua Ngọt,Bữa tối
Cháo Lươn Khoai Môn Đậu Xanh,Bữa tối
Ốc Xào Chuối Xanh,Bữa trưa
Ốc Xào Chuối Xanh,Bữa tối
Cá Kèo Kho Khế,Bữa trưa
Cá Kèo Kho Khế,Bữa tối
Lưỡi Heo Xào Lăn,Bữa trưa
Lưỡi Heo Xào Lăn,Bữa tối
Mực Xào Ớt Khô Caramen,Bữa tối
Súp Vịt Quay,Bữa tối
Canh Dền Cơm Nấu Nghêu,Bữa trưa
Canh Dền Cơm Nấu Nghêu,Bữa tối
Salad Khoai Tây Trộn Bê Thui,Bữa tối
Thịt Bò Xào Đậu Cove,Bữa trưa
Thịt Bò Xào Đậu Cove,Bữa tối
Gà Trộn Gừng Chua Ngọt,Bữa tối
Cà Ri Chay,Bữa trưa
Cà Ri Chay,Bữa tối
Cà Ri Chay,Món chay
Nấm Tuyết Xào Hải Sâm,Bữa trưa
Nấm Tuyết Xào Hải Sâm,Bữa tối
Nấm Tuyết Xào Hải Sâm,Món chay
Xôi Gà,Bữa sáng
Cần Nước Xào Bao Tử Cá Basa,Bữa tối
Bánh Ruốc Chiên Giòn,Bữa tối
Gỏi Mực Chiên,Bữa tối
Lươn Cuốn Thịt Om Riềng,Bữa tối
Gỏi Đu Đủ,Bữa trưa
Gỏi Đu Đủ,Bữa tối
Bánh Mì Nướng Hoa Hồng,Bữa sáng
Canh Thanh Long,Bữa trưa
Canh Thanh Long,Bữa tối
Salad Trộn Kiểu Nhật,Bữa trưa
Salad Trộn Kiểu Nhật,Bữa tối
Salad Trộn Kiểu Nhật,Món chay
Cơm Chiên Cá Mặn Chay,Bữa tối
Cơm Chiên Cá Mặn Chay,Món chay
Lẩu Sườn Non,Bữa tối
Salad Bắp Trộn Tôm,Bữa tối
Thịt Heo Kho Thơm,Bữa tối
Bánh Rôti Cuốn Thịt Bò,Bữa tối
Cá Đối Kho Thơm,Bữa trưa
Cá Đối Kho Thơm,Bữa tối
Canh Măng Gà Viên,Bữa trưa
Canh Măng Gà Viên,Bữa tối
Cồi Sò Điệp Xốt Cay,Bữa tối
Vịt Quay Kho Trứng Cút,Bữa trưa
Vịt Quay Kho Trứng Cút,Bữa tối
Canh Cá Khoai Lá Giang,Bữa trưa
Canh Cá Khoai Lá Giang,Bữa tối
Burger Cá Kiểu Hawaii,Bữa sáng
Burger Cá Kiểu Hawaii,Món Âu
Cá Cơm Chiên Giòn Xốt Tiêu,Bữa tối
Bánh Bông Lan Xốt Dâu Mayonnaise,Món Âu
Đậu Hũ Nhồi Hạt Sen,Bữa tối
Đậu Hũ Nhồi Hạt Sen,Món chay
Tôm Nướng Lá Chuối,Bữa tối
Vịt Quay Xào Thơm,Bữa tối
Cá Trứng Ngâm Giấm,Bữa tối
Bắp Non Xào Mực Cay,Bữa trưa
Bắp Non Xào Mực Cay,Bữa tối
Cơm Chiên Chay,Bữa trưa
Cơm Chiên Chay,Bữa tối
Cơm Chiên Chay,Món chay
Gỏi Nghêu Bông Thiên Lý,Bữa trưa
Gỏi Nghêu Bông Thiên Lý,Bữa tối
Trứng Hấp Tôm Nấm,Bữa tối
Thịt Xay Kho Bắp Đậu,Bữa trưa
Thịt Xay Kho Bắp Đậu,Bữa tối
Hamburger Kiểu Mehico,Bữa sáng
Miến Xào Lươn Chay,Bữa tối
Miến Xào Lươn Chay,Món chay
Canh Sườn Non Táo Đỏ,Bữa trưa
Canh Sườn Non Táo Đỏ,Bữa tối
Cá Nục Kho Kiểu Nhật,Bữa trưa
Cá Nục Kho Kiểu Nhật,Bữa tối
Khổ Qua Tây Xào Thịt Bò,Bữa trưa
Khổ Qua Tây Xào Thịt Bò,Bữa tối
Hủ Tiếu Chay,Bữa trưa
Hủ Tiếu Chay,Bữa tối
Hủ Tiếu Chay,Món chay
Nui Xào Gà,Bữa sáng
Nui Xào Gà,Bữa trưa
Lươn Chiên Giòn Xốt Tiêu Xanh,Bữa trưa
Lươn Chiên Giòn Xốt Tiêu Xanh,Bữa tối
Gà Chiên Xốt Táo,Bữa tối
Canh Chua Nấu Cá Hồi,Bữa tối
Salad Bắp Cải Xốt Mè,Bữa trưa
Salad Bắp Cải Xốt Mè,Bữa tối
Bánh Cuốn Chay,Bữa sáng
Bánh Cuốn Chay,Món chay
Canh Khoai Rau Đắng,Bữa trưa
Canh Khoai Rau Đắng,Bữa tối
Vịt Xào Măng,Bữa trưa
Vịt Xào Măng,Bữa tối
Gỏi Bò Lá Chanh,Bữa tối
Bánh Mì Ốp La Cá Mòi,Bữa sáng
Canh Bí Đao Nấu Sườn Non,Bữa trưa
Canh Bí Đao Nấu Sườn Non,Bữa tối
Sushi,Bữa trưa
Cá Chép Nấu Bung,Bữa tối
Lẩu Cua Lá Me,Bữa tối
Lẩu Cua Lá Me,Món chay
Xúc Xích Khìa Nước Dừa,Bữa tối
Bún Thịt Xào Sả Ớt,Bữa tối
Bún Thịt Xào Sả Ớt,Bữa trưa
Bún Thịt Xào Sả Ớt,Món chay
Burger Cá Ngừ,Bữa sáng
Burger Cá Ngừ,Món Âu
Bún Gạo Xào Thập Cẩm,Bữa tối
Nải Chuối Mực,Bữa tối
Cà Bát Om Thịt Ba Chỉ,Bữa trưa
Cà Bát Om Thịt Ba Chỉ,Bữa tối
Ốc Giác Xào Bông Hành,Bữa tối
Gỏi Nấm Bào Ngư,Bữa trưa
Gỏi Nấm Bào Ngư,Bữa tối
Gỏi Nấm Bào Ngư,Món chay
Bánh Mì Bì Sài Gòn,Bữa sáng
Tôm Hấp Rau Củ,Bữa tối
Rong Biển Trộn Nấm Tuyết,Bữa tối
Rong Biển Trộn Nấm Tuyết,Món chay
Gà Rim Nước Tương Cà,Bữa trưa
Gà Rim Nước Tương Cà,Bữa tối
Canh Râu Mực Nấu Ngót,Bữa tối
Sườn Chay Rim Mật Ong,Bữa trưa
Sườn Chay Rim Mật Ong,Bữa tối
Sườn Chay Rim Mật Ong,Món chay
Trứng Cá Kho Nghệ,Bữa tối
Cơm Gạo Lức Chiên Nghêu,Bữa tối
Gà Nướng Bưởi Xốt Giấm,Bữa tối
Gà Chiên Sa Tế Xốt Mayonnaise,Bữa tối
Gà Chiên Sa Tế Xốt Mayonnaise,Món chay
Bắp Bò Kho Chua Ngọt,Bữa tối
Heo Quay Kho Măng,Bữa trưa
Heo Quay Kho Măng,Bữa tối
Nấm Bào Ngư Xào Sả Ớt,Bữa trưa
Nấm Bào Ngư Xào Sả Ớt,Bữa tối
Nấm Bào Ngư Xào Sả Ớt,Món chay
Salad Đậu,Bữa tối
Salad Đậu,Bữa trưa
Salad Đậu,Món chay
Canh Hến Dưa Cải,Bữa trưa
Canh Hến Dưa Cải,Bữa tối
Dê Nướng Sa Tế,Bữa tối
Lẩu Xí Quách Chua Cay,Bữa tối
Canh Lươn Nấu Bắp Chuối Hột,Bữa trưa
Canh Lươn Nấu Bắp Chuối Hột,Bữa tối
Cua Lột Xốt Cam,Bữa tối
Cá Hồi Nướng Xốt Mayo,Bữa tối
Cá Hồi Nướng Xốt Mayo,Món Âu
Vịt Kho Rau Củ,Bữa trưa
Vịt Kho Rau Củ,Bữa tối
Salad Mực Phổ Tai,Bữa trưa
Salad Mực Phổ Tai,Bữa tối
Bún Riêu Cua Xí Quách,Bữa sáng
Bún Riêu Cua Xí Quách,Bữa tối
Súp Gà Chua Cay,Bữa trưa
Súp Gà Chua Cay,Bữa tối
Bông Cải Trộn Tôm,Bữa trưa
Bông Cải Trộn Tôm,Bữa tối
Bún Ốc,Bữa sáng
Bún Ốc,Bữa trưa
Bún Ốc,Bữa tối
Bún Giò Heo Nấu Giấm,Bữa sáng
Bún Giò Heo Nấu Giấm,Bữa trưa
Bún Giò Heo Nấu Giấm,Bữa tối
Bê Thui Xào Sa Tế,Bữa tối
Gỏi Nha Đam,Bữa tối
Canh Sườn Hạt Sen,Bữa tối
Đậu Hũ Nhồi Xốt Me,Bữa trưa
Đậu Hũ Nhồi Xốt Me,Bữa tối
Đậu Hũ Nhồi Xốt Me,Món chay
Khai Vị Đầu Xuân,Bữa sáng
Khai Vị Đầu Xuân,Bữa tối
Khai Vị Đầu Xuân,Món chay
Bò Viên Chay Xào Thập Cẩm,Bữa tối
Bò Viên Chay Xào Thập Cẩm,Bữa trưa
Bò Viên Chay Xào Thập Cẩm,Món chay
Miến Xào Nghêu Tay Cầm,Bữa tối
Thịt Bò Nướng Mù Tạt,Bữa tối
Thịt Bò Nướng Mù Tạt,Món Âu
Gà Cuộn Xôi Xoài,Bữa tối
Gà Cuộn Xôi Xoài,Món Âu
Lẩu Chua Thịt Bò,Bữa tối
Su Hào Xào Hải Sản,Bữa tối
Suông Tôm Giò Heo,Bữa tối
Suông Tôm Giò Heo,Bữa trưa
Cháo Cá Giò Heo,Bữa tối
Cháo Cá Giò Heo,Bữa trưa
Cháo Bồ Câu,Bữa tối
Cháo Bồ Câu,Bữa trưa
Thịt Kho Xốt Tương,Bữa tối
Thịt Kho Xốt Tương,Bữa trưa
Sườn Hầm Tỏi,Bữa tối
Sườn Hầm Tỏi,Bữa trưa
Bí Xanh Tiềm Tứ Hải,Bữa tối
Bí Xanh Tiềm Tứ Hải,Bữa trưa
Bí Xanh Tiềm Tứ Hải,Món chay
Đậu Hũ Kho Nấm Rơm,Bữa trưa
Đậu Hũ Kho Nấm Rơm,Bữa tối
Đậu Hũ Kho Nấm Rơm,Món chay
Đậu Hũ Kho Nấm Rơm,Món chay
Canh Thịt Bò Cải Xoong,Bữa tối
Canh Thịt Bò Cải Xoong,Bữa trưa
Chả Hấp Chay,Bữa tối
Chả Hấp Chay,Bữa trưa
Chả Hấp Chay,Món chay
Chả Hấp Chay,Món chay
Gà TiềM Hạt Sen,Bữa tối
Gà TiềM Hạt Sen,Bữa trưa
SườN NấU Đậu,Bữa tối
SườN NấU Đậu,Bữa trưa
Bò Kho,Bữa sáng
Bò Kho,Bữa tối
Bò Kho,Bữa trưa
Bồ Câu Quay Nước Dừa,Bữa tối
Bồ Câu Quay Nước Dừa,Bữa trưa
Bắp Cải Tím Xào Hải Sản,Bữa tối
Bắp Cải Tím Xào Hải Sản,Bữa trưa
Rau Càng Cua Trộn Dầu Giấm,Bữa tối
Rau Càng Cua Trộn Dầu Giấm,Bữa trưa
Cá Thu Rim Nước Trà Xanh,Bữa trưa
Cá Thu Rim Nước Trà Xanh,Bữa tối
Cá Hú Kho Xốt Tương,Bữa tối
Cá Hú Kho Xốt Tương,Bữa trưa
Pizza Bắp Cải,Món Âu
Bánh Crepe Xếp Tầng,Món Âu
Bò Lúc Lắc Vị Phở,Món Âu
Pudding Trà Xanh,Món Âu
